minute,c_uf,c_aver,v_buf,m_fp,price,q_uf_actual,q_fp_actual,total_energy_cost,fp_busy
1,0.6541939587303403,0.6541939587303403,0.0,0.0,0.46,0.0,0.0,0.0,False
2,0.6546530456514275,0.6546530456514275,0.0,0.0,0.46,0.0,0.0,0.0,False
3,0.6551107793763872,0.6551107793763872,0.0,0.0,0.46,0.0,0.0,0.0,False
4,0.6555671660040361,0.6555671660040361,0.0,0.0,0.46,0.0,0.0,0.0,False
5,0.6560222116985143,0.6560222116985143,0.0,0.0,0.46,0.0,0.0,0.0,False
6,0.6564759227490199,0.6564759227490199,0.0,0.0,0.46,0.0,0.0,0.0,False
7,0.6569283056011076,0.6569283056011076,0.0,0.0,0.46,0.0,0.0,0.0,False
8,0.6573793668673086,0.6573793668673086,0.0,0.0,0.46,0.0,0.0,0.0,False
9,0.6578291133231167,0.6578291133231167,0.0,0.0,0.46,0.0,0.0,0.0,False
10,0.658277551890863,0.658277551890863,0.0,0.0,0.46,0.0,0.0,0.0,False
11,0.6587246896180224,0.6587246896180224,0.0,0.0,0.46,0.0,0.0,0.0,False
12,0.6591705336524256,0.6591705336524256,0.0,0.0,0.46,0.0,0.0,0.0,False
13,0.6596150912162106,0.6596150912162106,0.0,0.0,0.46,0.0,0.0,0.0,False
14,0.6600583695798413,0.6600583695798413,0.0,0.0,0.46,0.0,0.0,0.0,False
15,0.660500376128073,0.660500376128073,0.0,0.0,0.46,0.0,0.0,0.0,False
16,0.6609411183919482,0.6609411183919482,0.0,0.0,0.46,0.0,0.0,0.0,False
17,0.6613806040564084,0.6613806040564084,0.0,0.0,0.46,0.0,0.0,0.0,False
18,0.6618188409509517,0.6618188409509517,0.0,0.0,0.46,0.0,0.0,0.0,False
19,0.6622558370290293,0.6622558370290293,0.0,0.0,0.46,0.0,0.0,0.0,False
20,0.6626916004031058,0.6626916004031058,0.0,0.0,0.46,0.0,0.0,0.0,False
21,0.663126139351521,0.663126139351521,0.0,0.0,0.46,0.0,0.0,0.0,False
22,0.6635594623058593,0.6635594623058593,0.0,0.0,0.46,0.0,0.0,0.0,False
23,0.6639915778254919,0.6639915778254919,0.0,0.0,0.46,0.0,0.0,0.0,False
24,0.6644224945643376,0.6644224945643376,0.0,0.0,0.46,0.0,0.0,0.0,False
25,0.6648522213340732,0.6648522213340732,0.0,0.0,0.46,0.0,0.0,0.0,False
26,0.6652807671267782,0.6652807671267782,0.0,0.0,0.46,0.0,0.0,0.0,False
27,0.6657081411091262,0.6657081411091262,0.0,0.0,0.46,0.0,0.0,0.0,False
28,0.6661343525974421,0.6661343525974421,0.0,0.0,0.46,0.0,0.0,0.0,False
29,0.6665594110207066,0.6665594110207066,0.0,0.0,0.46,0.0,0.0,0.0,False
30,0.6669833258156506,0.6669833258156506,0.0,0.0,0.46,0.0,0.0,0.0,False
31,0.6674061063429654,0.6674061063429654,0.0,0.0,0.46,0.0,0.0,0.0,False
32,0.6678277618212882,0.6678277618212882,0.0,0.0,0.46,0.0,0.0,0.0,False
33,0.6682483012760978,0.6682483012760978,0.0,0.0,0.46,0.0,0.0,0.0,False
34,0.6686677335010781,0.6686677335010781,0.0,0.0,0.46,0.0,0.0,0.0,False
35,0.6690860668802915,0.6690860668802915,0.0,0.0,0.46,0.0,0.0,0.0,False
36,0.669503309277465,0.669503309277465,0.0,0.0,0.46,0.0,0.0,0.0,False
37,0.6699194679757899,0.6699194679757899,0.0,0.0,0.46,0.0,0.0,0.0,False
38,0.6703345496551104,0.6703345496551104,0.0,0.0,0.46,0.0,0.0,0.0,False
39,0.6707485603962029,0.6707485603962029,0.0,0.0,0.46,0.0,0.0,0.0,False
40,0.671161505885626,0.671161505885626,0.0,0.0,0.46,0.0,0.0,0.0,False
41,0.6715733915624155,0.6715733915624155,0.0,0.0,0.46,0.0,0.0,0.0,False
42,0.6719842227201797,0.6719842227201797,0.0,0.0,0.46,0.0,0.0,0.0,False
43,0.6723940045753428,0.6723940045753428,0.0,0.0,0.46,0.0,0.0,0.0,False
44,0.6728027423100289,0.6728027423100289,0.0,0.0,0.46,0.0,0.0,0.0,False
45,0.6732104408161053,0.6732104408161053,0.0,0.0,0.46,0.0,0.0,0.0,False
46,0.6736171045352775,0.6736171045352775,0.0,0.0,0.46,0.0,0.0,0.0,False
47,0.6740227373710078,0.6740227373710078,0.0,0.0,0.46,0.0,0.0,0.0,False
48,0.6744273426531932,0.6744273426531932,0.0,0.0,0.46,0.0,0.0,0.0,False
49,0.6748309231406964,0.6748309231406964,0.0,0.0,0.46,0.0,0.0,0.0,False
50,0.6752334812601835,0.6752334812601835,0.0,0.0,0.46,0.0,0.0,0.0,False
51,0.675635019280244,0.675635019280244,0.0,0.0,0.46,0.0,0.0,0.0,False
52,0.6760355394352057,0.6760355394352057,0.0,0.0,0.46,0.0,0.0,0.0,False
53,0.6764350440101657,0.6764350440101657,0.0,0.0,0.46,0.0,0.0,0.0,False
54,0.6768335353964234,0.6768335353964234,0.0,0.0,0.46,0.0,0.0,0.0,False
55,0.6772310159378773,0.6772310159378773,0.0,0.0,0.46,0.0,0.0,0.0,False
56,0.6776274878338404,0.6776274878338404,0.0,0.0,0.46,0.0,0.0,0.0,False
57,0.6780229530839623,0.6780229530839623,0.0,0.0,0.46,0.0,0.0,0.0,False
58,0.6784174134640125,0.6784174134640125,0.0,0.0,0.46,0.0,0.0,0.0,False
59,0.6788108705237499,0.6788108705237499,0.0,0.0,0.46,0.0,0.0,0.0,False
60,0.6792033256626651,0.6792033256626651,0.0,0.0,0.46,0.0,0.0,0.0,False
61,0.6795947801913372,0.6795947801913372,0.0,0.0,0.46,0.0,0.0,0.0,False
62,0.6799852353807567,0.6799852353807567,0.0,0.0,0.46,0.0,0.0,0.0,False
63,0.6803746925015999,0.6803746925015999,0.0,0.0,0.46,0.0,0.0,0.0,False
64,0.680763152855131,0.680763152855131,0.0,0.0,0.46,0.0,0.0,0.0,False
65,0.6811506179099871,0.6811506179099871,0.0,0.0,0.46,0.0,0.0,0.0,False
66,0.6815370893891007,0.6815370893891007,0.0,0.0,0.46,0.0,0.0,0.0,False
67,0.6819225693191405,0.6819225693191405,0.0,0.0,0.46,0.0,0.0,0.0,False
68,0.6823070600522259,0.6823070600522259,0.0,0.0,0.46,0.0,0.0,0.0,False
69,0.6826905642675724,0.6826905642675724,0.0,0.0,0.46,0.0,0.0,0.0,False
70,0.6830730849353757,0.6830730849353757,0.0,0.0,0.46,0.0,0.0,0.0,False
71,0.6834546252804263,0.6834546252804263,0.0,0.0,0.46,0.0,0.0,0.0,False
72,0.6838351887465897,0.6838351887465897,0.0,0.0,0.46,0.0,0.0,0.0,False
73,0.6842147789629398,0.6842147789629398,0.0,0.0,0.46,0.0,0.0,0.0,False
74,0.6845933997120651,0.6845933997120651,0.0,0.0,0.46,0.0,0.0,0.0,False
75,0.6849710547116284,0.6849710547116284,0.0,0.0,0.46,0.0,0.0,0.0,False
76,0.6853477474724999,0.6853477474724999,0.0,0.0,0.46,0.0,0.0,0.0,False
77,0.6857234812144513,0.6857234812144513,0.0,0.0,0.46,0.0,0.0,0.0,False
78,0.6860982588244264,0.6860982588244264,0.0,0.0,0.46,0.0,0.0,0.0,False
79,0.6864720828456528,0.6864720828456528,0.0,0.0,0.46,0.0,0.0,0.0,False
80,0.6868449556900593,0.6868449556900593,0.0,0.0,0.46,0.0,0.0,0.0,False
81,0.6872168797866197,0.6872168797866197,0.0,0.0,0.46,0.0,0.0,0.0,False
82,0.6875878576805474,0.6875878576805474,0.0,0.0,0.46,0.0,0.0,0.0,False
83,0.6879578920952075,0.6879578920952075,0.0,0.0,0.46,0.0,0.0,0.0,False
84,0.6883269859661352,0.6883269859661352,0.0,0.0,0.46,0.0,0.0,0.0,False
85,0.6886951424618876,0.6886951424618876,0.0,0.0,0.46,0.0,0.0,0.0,False
86,0.6890623649873092,0.6890623649873092,0.0,0.0,0.46,0.0,0.0,0.0,False
87,0.6894286571744352,0.6894286571744352,0.0,0.0,0.46,0.0,0.0,0.0,False
88,0.6897940228650662,0.6897940228650662,0.0,0.0,0.46,0.0,0.0,0.0,False
89,0.6901584660880934,0.6901584660880934,0.0,0.0,0.46,0.0,0.0,0.0,False
90,0.6905219910108751,0.6905219910108751,0.0,0.0,0.46,0.0,0.0,0.0,False
91,0.6908846018983988,0.6908846018983988,0.0,0.0,0.46,0.0,0.0,0.0,False
92,0.6912463030791676,0.6912463030791676,0.0,0.0,0.46,0.0,0.0,0.0,False
93,0.6916070989168794,0.6916070989168794,0.0,0.0,0.46,0.0,0.0,0.0,False
94,0.6919669937870848,0.6919669937870848,0.0,0.0,0.46,0.0,0.0,0.0,False
95,0.6923259920119913,0.6923259920119913,0.0,0.0,0.46,0.0,0.0,0.0,False
96,0.6926840978169284,0.6926840978169284,0.0,0.0,0.46,0.0,0.0,0.0,False
97,0.6930413153032916,0.6930413153032916,0.0,0.0,0.46,0.0,0.0,0.0,False
98,0.6933976484338613,0.6933976484338613,0.0,0.0,0.46,0.0,0.0,0.0,False
99,0.6937531010272543,0.6937531010272543,0.0,0.0,0.46,0.0,0.0,0.0,False
100,0.6941076768562323,0.6941076768562323,0.0,0.0,0.46,0.0,0.0,0.0,False
101,0.6944613797126518,0.6944613797126518,0.0,0.0,0.46,0.0,0.0,0.0,False
102,0.6948142134473086,0.6948142134473086,0.0,0.0,0.46,0.0,0.0,0.0,False
103,0.6951661819911883,0.6951661819911883,0.0,0.0,0.46,0.0,0.0,0.0,False
104,0.695517289363213,0.695517289363213,0.0,0.0,0.46,0.0,0.0,0.0,False
105,0.6958675396349058,0.6958675396349058,0.0,0.0,0.46,0.0,0.0,0.0,False
106,0.6962169369016658,0.6962169369016658,0.0,0.0,0.46,0.0,0.0,0.0,False
107,0.6965654852596117,0.6965654852596117,0.0,0.0,0.46,0.0,0.0,0.0,False
108,0.6969131887871086,0.6969131887871086,0.0,0.0,0.46,0.0,0.0,0.0,False
109,0.6972600515302182,0.6972600515302182,0.0,0.0,0.46,0.0,0.0,0.0,False
110,0.6976060774667383,0.6976060774667383,0.0,0.0,0.46,0.0,0.0,0.0,False
111,0.6979512704826148,0.6979512704826148,0.0,0.0,0.46,0.0,0.0,0.0,False
112,0.6982956343577833,0.6982956343577833,0.0,0.0,0.46,0.0,0.0,0.0,False
113,0.6986391727590927,0.6986391727590927,0.0,0.0,0.46,0.0,0.0,0.0,False
114,0.6989818892384649,0.6989818892384649,0.0,0.0,0.46,0.0,0.0,0.0,False
115,0.6993237872756713,0.6993237872756713,0.0,0.0,0.46,0.0,0.0,0.0,False
116,0.6996648703078155,0.6996648703078155,0.0,0.0,0.46,0.0,0.0,0.0,False
117,0.7000051417487497,0.7000051417487497,0.0,0.0,0.46,0.0,0.0,0.0,False
118,0.7003446050009707,0.7003446050009707,0.0,0.0,0.46,0.0,0.0,0.0,False
119,0.7006832634619956,0.7006832634619956,0.0,0.0,0.46,0.0,0.0,0.0,False
120,0.7010211204923161,0.7010211204923161,0.0,0.0,0.46,0.0,0.0,0.0,False
121,0.7013581793940403,0.7013581793940403,0.0,0.0,0.46,0.0,0.0,0.0,False
122,0.7016944433976791,0.7016944433976791,0.0,0.0,0.46,0.0,0.0,0.0,False
123,0.7020299156550595,0.7020299156550595,0.0,0.0,0.46,0.0,0.0,0.0,False
124,0.7023645992367726,0.7023645992367726,0.0,0.0,0.46,0.0,0.0,0.0,False
125,0.7026984971463495,0.7026984971463495,0.0,0.0,0.46,0.0,0.0,0.0,False
126,0.7030316123314935,0.7030316123314935,0.0,0.0,0.46,0.0,0.0,0.0,False
127,0.703363947692967,0.703363947692967,0.0,0.0,0.46,0.0,0.0,0.0,False
128,0.7036955060916102,0.7036955060916102,0.0,0.0,0.46,0.0,0.0,0.0,False
129,0.7040262903538823,0.7040262903538823,0.0,0.0,0.46,0.0,0.0,0.0,False
130,0.7043563032313228,0.7043563032313228,0.0,0.0,0.46,0.0,0.0,0.0,False
131,0.7046855473766177,0.7046855473766177,0.0,0.0,0.46,0.0,0.0,0.0,False
132,0.7050140253319553,0.7050140253319553,0.0,0.0,0.46,0.0,0.0,0.0,False
133,0.7053417395262912,0.7053417395262912,0.0,0.0,0.46,0.0,0.0,0.0,False
134,0.7056686922788892,0.7056686922788892,0.0,0.0,0.46,0.0,0.0,0.0,False
135,0.7059948857999192,0.7059948857999192,0.0,0.0,0.46,0.0,0.0,0.0,False
136,0.7063203221965538,0.7063203221965538,0.0,0.0,0.46,0.0,0.0,0.0,False
137,0.7066450034826687,0.7066450034826687,0.0,0.0,0.46,0.0,0.0,0.0,False
138,0.7069689315907124,0.7069689315907124,0.0,0.0,0.46,0.0,0.0,0.0,False
139,0.7072921083846702,0.7072921083846702,0.0,0.0,0.46,0.0,0.0,0.0,False
140,0.7076145357309181,0.7076145357309181,0.0,0.0,0.46,0.0,0.0,0.0,False
141,0.7079362155463516,0.7079362155463516,0.0,0.0,0.46,0.0,0.0,0.0,False
142,0.7082571498291809,0.7082571498291809,0.0,0.0,0.46,0.0,0.0,0.0,False
143,0.708577340676672,0.708577340676672,0.0,0.0,0.46,0.0,0.0,0.0,False
144,0.708896790293212,0.708896790293212,0.0,0.0,0.46,0.0,0.0,0.0,False
145,0.7092155010606392,0.7092155010606392,0.0,0.0,0.46,0.0,0.0,0.0,False
146,0.7095334755765862,0.7095334755765862,0.0,0.0,0.46,0.0,0.0,0.0,False
147,0.7098507166693973,0.7098507166693973,0.0,0.0,0.46,0.0,0.0,0.0,False
148,0.7101672273963014,0.7101672273963014,0.0,0.0,0.46,0.0,0.0,0.0,False
149,0.7104830110300167,0.7104830110300167,0.0,0.0,0.46,0.0,0.0,0.0,False
150,0.7107980710997244,0.7107980710997244,0.0,0.0,0.46,0.0,0.0,0.0,False
151,0.7111124114032977,0.7111124114032977,0.0,0.0,0.46,0.0,0.0,0.0,False
152,0.7114260359992738,0.7114260359992738,0.0,0.0,0.46,0.0,0.0,0.0,False
153,0.7117389491850988,0.7117389491850988,0.0,0.0,0.46,0.0,0.0,0.0,False
154,0.7120511554666525,0.7120511554666525,0.0,0.0,0.46,0.0,0.0,0.0,False
155,0.7123626594389368,0.7123626594389368,0.0,0.0,0.46,0.0,0.0,0.0,False
156,0.712673465697307,0.712673465697307,0.0,0.0,0.46,0.0,0.0,0.0,False
157,0.7129835787728547,0.7129835787728547,0.0,0.0,0.46,0.0,0.0,0.0,False
158,0.7132930030867686,0.7132930030867686,0.0,0.0,0.46,0.0,0.0,0.0,False
159,0.7136017429195046,0.7136017429195046,0.0,0.0,0.46,0.0,0.0,0.0,False
160,0.7139098024277976,0.7139098024277976,0.0,0.0,0.46,0.0,0.0,0.0,False
161,0.7141814260252083,0.7141814260252083,0.0,0.023989280422055274,0.46,0.9131228923797607,0.9131228923797607,2.932485273310821e-06,False
162,0.7144541734425731,0.7144541734425731,0.0,0.04799879104834118,0.46,0.9131228923797607,0.9131228923797607,5.864970546621642e-06,False
163,0.7147278890290371,0.7147278890290371,0.0,0.07202862245929624,0.46,0.9131228923797607,0.9131228923797607,8.797455819932462e-06,False
164,0.7150024346098517,0.7150024346098517,0.0,0.09607885518869749,0.46,0.9131228923797607,0.9131228923797607,1.1729941093243284e-05,False
165,0.7152776869336654,0.7152776869336654,0.0,0.12014956079713122,0.46,0.9131228923797607,0.9131228923797607,1.4662426366554106e-05,False
166,0.7155887499085174,0.7155887499085174,0.0,0.12014956079713122,0.46,0.0,0.0,1.4662426366554106e-05,False
167,0.7158985571569589,0.7158985571569589,0.0,0.12014956079713122,0.46,0.0,0.0,1.4662426366554106e-05,False
168,0.7162071735687939,0.7162071735687939,0.0,0.12014956079713122,0.46,0.0,0.0,1.4662426366554106e-05,False
169,0.7165146554490742,0.7165146554490742,0.0,0.12014956079713122,0.46,0.0,0.0,1.4662426366554106e-05,False
170,0.7168210519395204,0.7168210519395204,0.0,0.12014956079713122,0.46,0.0,0.0,1.4662426366554106e-05,False
171,0.7170261173834291,0.7170261173834291,0.0,0.18967415803864546,0.46,2.623196601867676,2.623196601867676,8.418737399901481e-05,False
172,0.7172353991549952,0.7172353991549952,0.0,0.2592437760816064,0.46,2.623196601867676,2.623196601867676,0.00015371232163147552,False
173,0.7174484551098745,0.7174484551098745,0.0,0.32885925972986735,0.46,2.623196601867676,2.623196601867676,0.00022323726926393623,False
174,0.7176648927652374,0.7176648927652374,0.0,0.39852137100376067,0.46,2.623196601867676,2.623196601867676,0.0002927622168963969,False
175,0.7178843624986103,0.7178843624986103,0.0,0.4682307981658571,0.46,2.623196601867676,2.623196601867676,0.00036228716452885764,False
176,0.7181759150573197,0.7181759150573197,0.0,0.4886316634167307,0.46,0.7670013904571533,0.7670013904571533,0.0003640251118202275,False
177,0.7184663132388324,0.7184663132388324,0.0,0.509050868660656,0.46,0.7670013904571533,0.7670013904571533,0.0003657630591115973,False
178,0.7187556314037061,0.7187556314037061,0.0,0.5294883637329496,0.46,0.7670013904571533,0.7670013904571533,0.00036750100640296714,False
179,0.7190439322812363,0.7190439322812363,0.0,0.5499441022651417,0.46,0.7670013904571533,0.7670013904571533,0.00036923895369433697,False
180,0.7193312687862918,0.7193312687862918,0.0,0.5704180410787886,0.46,0.7670013904571533,0.7670013904571533,0.0003709769009857068,False
181,0.7196081775777045,0.7196081775777045,0.0,0.5977648343286204,0.46,1.0235967636108398,1.0235967636108398,0.00037510770755892807,False
182,0.7198846796475993,0.7198846796475993,0.0,0.6251350453877808,0.46,1.0235967636108398,1.0235967636108398,0.00037923851413214935,False
183,0.7201607644936571,0.7201607644936571,0.0,0.6525286609827229,0.46,1.0235967636108398,1.0235967636108398,0.0003833693207053706,False
184,0.7204364213295715,0.7204364213295715,0.0,0.6799456668553943,0.46,1.0235967636108398,1.0235967636108398,0.0003875001272785919,False
185,0.7207116393754551,0.7207116393754551,0.0,0.7073860477602627,0.46,1.0235967636108398,1.0235967636108398,0.00039163093385181317,False
186,0.7209140726829149,0.7209140726829149,0.0,0.78774566664471,0.46,2.995741844177246,2.995741844177246,0.000495183604544169,False
187,0.7211198592610114,0.7211198592610114,0.0,0.8681565156602384,0.46,2.995741844177246,2.995741844177246,0.0005987362752365249,False
188,0.721328637271228,0.721328637271228,0.0,0.9486193763825288,0.46,2.995741844177246,2.995741844177246,0.0007022889459288807,False
189,0.7215400850811461,0.7215400850811461,0.0,1.0291349518108073,0.46,2.995741844177246,2.995741844177246,0.0008058416166212366,False
190,0.7217539158523021,0.7217539158523021,0.0,1.1097038748425512,0.46,2.995741844177246,2.995741844177246,0.0009093942873135924,False
191,0.7219698729576445,0.7219698729576445,0.0,1.1903267156283523,0.46,2.995741844177246,2.995741844177246,0.0010129469580059483,False
192,0.7221877260934627,0.7221877260934627,0.0,1.2710039879771449,0.46,2.995741844177246,2.995741844177246,0.001116499628698304,False
193,0.7224072679731182,0.7224072679731182,0.0,1.3517361549543296,0.46,2.995741844177246,2.995741844177246,0.00122005229939066,False
194,0.7226283115086253,0.7226283115086253,0.0,1.4325236337922573,0.46,2.995741844177246,2.995741844177246,0.0013236049700830158,False
195,0.722850687381636,0.722850687381636,0.0,1.5133668002082787,0.46,2.995741844177246,2.995741844177246,0.0014271576407753716,False
196,0.7230457355841817,0.7230457355841817,0.0,1.6160111579222827,0.46,3.8013131618499756,3.8013131618499756,0.0016387252094994887,False
197,0.7232433773752031,0.7232433773752031,0.0,1.7187184057413938,0.46,3.8013131618499756,3.8013131618499756,0.0018502927782236057,False
198,0.7234433382449355,0.7234433382449355,0.0,1.821489325043297,0.46,3.8013131618499756,3.8013131618499756,0.0020618603469477227,False
199,0.7236453715041412,0.7236453715041412,0.0,1.924324620139481,0.46,3.8013131618499756,3.8013131618499756,0.0022734279156718397,False
200,0.7238492548325435,0.7238492548325435,0.0,2.027224925848381,0.46,3.8013131618499756,3.8013131618499756,0.0024849954843959568,False
201,0.7240345619016338,0.7240345619016338,0.0,2.145934374594503,0.46,4.382811546325684,4.382811546325684,0.0028092653104036507,False
202,0.7242224579829134,0.7242224579829134,0.0,2.2647129918543065,0.46,4.382811546325684,4.382811546325684,0.0031335351364113447,False
203,0.7244126701947523,0.7244126701947523,0.0,2.3835616757821336,0.46,4.382811546325684,4.382811546325684,0.0034578049624190386,False
204,0.7246049528880097,0.7246049528880097,0.0,2.5024812356748187,0.46,4.382811546325684,4.382811546325684,0.0037820747884267326,False
205,0.7247990844911986,0.7247990844911986,0.0,2.621472400636854,0.46,4.382811546325684,4.382811546325684,0.004106344614434427,False
206,0.7249435385834373,0.7249435385834373,0.0,2.7812753645453583,0.46,5.883399963378906,5.883399963378906,0.004890736816582429,False
207,0.7250923997532865,0.7250923997532865,0.0,2.9411521149538977,0.46,5.883399963378906,5.883399963378906,0.005675129018730431,False
208,0.725245214894895,0.725245214894895,0.0,3.101104651100238,0.46,5.883399963378906,5.883399963378906,0.006459521220878434,False
209,0.725401579614413,0.725401579614413,0.0,3.2611347746377213,0.46,5.883399963378906,5.883399963378906,0.007243913423026436,False
210,0.7255611317193846,0.7255611317193846,0.0,3.4212441102346087,0.46,5.883399963378906,5.883399963378906,0.00802830562517444,False
211,0.7257309053184594,0.7257309053184594,0.0,3.5754545810862597,0.46,5.663656234741211,5.663656234741211,0.008728049012357996,False
212,0.725902823428328,0.725902823428328,0.0,3.7297473105190653,0.46,5.663656234741211,5.663656234741211,0.009427792399541553,False
213,0.7260766626558269,0.7260766626558269,0.0,3.88412326734832,0.46,5.663656234741211,5.663656234741211,0.01012753578672511,False
214,0.726252219497207,0.726252219497207,0.0,4.038583324570851,0.46,5.663656234741211,5.663656234741211,0.010827279173908667,False
215,0.7264293080937303,0.7264293080937303,0.0,4.193128267608062,0.46,5.663656234741211,5.663656234741211,0.011527022561092224,False
216,0.7266128990632829,0.7266128990632829,0.0,4.343508802927036,0.46,5.507903575897217,5.507903575897217,0.012170609368682434,False
217,0.7267974053986667,0.7267974053986667,0.0,4.49397545578689,0.46,5.507903575897217,5.507903575897217,0.012814196176272644,False
218,0.7269827121542376,0.7269827121542376,0.0,4.644528655039511,0.46,5.507903575897217,5.507903575897217,0.013457782983862854,False
219,0.7271687125406776,0.7271687125406776,0.0,4.795168780384594,0.46,5.507903575897217,5.507903575897217,0.014101369791453064,False
220,0.7273553075347154,0.7273553075347154,0.0,4.945896165878162,0.46,5.507903575897217,5.507903575897217,0.014744956599043273,False
221,0.7274511296981109,0.7274511296981109,0.0,5.173181756050302,0.46,8.303035736083984,8.303035736083984,0.01694970414854584,False
222,0.7275527912943442,0.7275527912943442,0.0,5.4005390734050795,0.46,8.303035736083984,8.303035736083984,0.0191544516980484,False
223,0.7276596635536423,0.7276596635536423,0.0,5.62797182151519,0.46,8.303035736083984,8.303035736083984,0.02135919924755096,False
224,0.7277711893793826,0.7277711893793826,0.0,5.855483314622181,0.46,8.303035736083984,8.303035736083984,0.023563946797053523,False
225,0.7278868734448388,0.7278868734448388,0.0,6.083076520845552,0.46,8.303035736083984,8.303035736083984,0.025768694346556084,False
226,0.7280627667930705,0.7280627667930705,0.0,6.2622265144628955,0.46,6.532166957855225,6.532166957855225,0.026842238662086754,False
227,0.7282386508089875,0.7282386508089875,0.0,6.4414743553090545,0.46,6.532166957855225,6.532166957855225,0.027915782977617425,False
228,0.7284145075284272,0.7284145075284272,0.0,6.620820087796323,0.46,6.532166957855225,6.532166957855225,0.028989327293148095,False
229,0.7285903144254096,0.7285903144254096,0.0,6.800263743813025,0.46,6.532166957855225,6.532166957855225,0.030062871608678765,False
230,0.7287660458267552,0.7287660458267552,0.0,6.979805340938366,0.46,6.532166957855225,6.532166957855225,0.031136415924209435,False
231,0.7288980367342265,0.7288980367342265,0.0,7.197303983010842,0.46,7.909895420074463,7.909895420074464,0.03304258040133601,False
232,0.7290324415391443,0.7290324415391443,0.0,7.41489342303115,0.46,7.909895420074463,7.909895420074464,0.03494874487846258,False
233,0.7291689738592314,0.7291689738592314,0.0,7.632575141591591,0.46,7.909895420074463,7.909895420074464,0.03685490935558915,False
234,0.7293073779020495,0.7293073779020495,0.0,7.850350448350727,0.46,7.909895420074463,7.909895420074464,0.038761073832715716,False
235,0.7294474246239302,0.7294474246239302,0.0,8.068220499831526,0.46,7.909895420074463,7.909895420074464,0.040667238309842285,False
236,0.7295277836527877,0.7295277836527877,0.0,8.34003016221902,0.46,9.865740776062012,9.865740776062012,0.04436583730691652,False
237,0.729613165075064,0.729613165075064,0.0,8.611911917987634,0.46,9.865740776062012,9.865740776062012,0.04806443630399075,False
238,0.7297030066862495,0.7297030066862495,0.0,8.883869556252906,0.46,9.865740776062012,9.865740776062012,0.051763035301064984,False
239,0.7297968104992567,0.7297968104992567,0.0,9.155906448850606,0.46,9.865740776062012,9.865740776062012,0.05546163429813922,False
240,0.7298941341134713,0.7298941341134713,0.0,9.42802559693047,0.46,9.865740776062012,9.865740776062012,0.05916023329521345,False
241,0.730015533681505,0.730015533681505,0.0,9.68137989274482,0.46,9.181953430175781,9.181953430175781,0.06214186092642134,False
242,0.7301384140947731,0.7301384140947731,0.0,9.934830923609699,0.46,9.181953430175781,9.181953430175781,0.06512348855762924,False
243,0.7302625958400096,0.7302625958400096,0.0,10.18837975593631,0.46,9.181953430175781,9.181953430175781,0.06810511618883713,False
244,0.7303879150345924,0.7303879150345924,0.0,10.442027328337135,0.46,9.181953430175781,9.181953430175781,0.07108674382004503,False
245,0.7305142218118287,0.7305142218118287,0.0,10.695774462464838,0.46,9.181953430175781,9.181953430175781,0.07406837145125292,False
246,0.7305807257212791,0.7305807257212791,0.0,11.004831939991712,0.46,11.181072235107422,11.181072235107422,0.07945229032134073,False
247,0.73065176252759,0.73065176252759,0.0,11.313957643053806,0.46,11.181072235107422,11.181072235107422,0.08483620919142854,False
248,0.7307268102267315,0.7307268102267315,0.0,11.623155442122858,0.46,11.181072235107422,11.181072235107422,0.09022012806151634,False
249,0.7308054061558417,0.7308054061558417,0.0,11.932428766048975,0.46,11.181072235107422,11.181072235107422,0.09560404693160415,False
250,0.7308871386143142,0.7308871386143142,0.0,12.241780650706245,0.46,11.181072235107422,11.181072235107422,0.10098796580169196,False
251,0.7310230916625453,0.7310230916625453,0.0,12.50349469723213,0.46,9.455276489257812,9.455276489257812,0.10424386421405801,False
252,0.7311583120581862,0.7311583120581862,0.0,12.765318748973016,0.46,9.455276489257812,9.455276489257812,0.10749976262642406,False
253,0.7312928388799597,0.7312928388799597,0.0,13.02725229307368,0.46,9.455276489257812,9.455276489257812,0.11075566103879012,False
254,0.7314266993022992,0.7314266993022992,0.0,13.28929483805487,0.46,9.455276489257812,9.455276489257812,0.11401155945115617,False
255,0.7315599113332055,0.7315599113332055,0.0,13.551445906388073,0.46,9.455276489257812,9.455276489257812,0.11726745786352222,False
256,0.7316101069760023,0.7316101069760023,0.0,13.890455348462607,0.46,12.225500106811523,12.225500106811523,0.12430543819087708,False
257,0.7316648616496922,0.7316648616496922,0.0,14.229522495268414,0.46,12.225500106811523,12.225500106811523,0.13134341851823195,False
258,0.7317236178514346,0.7317236178514346,0.0,14.568651576170247,0.46,12.225500106811523,12.225500106811523,0.1383813988455868,False
259,0.7317858845568915,0.7317858845568915,0.0,14.907846305379172,0.46,12.225500106811523,12.225500106811523,0.14541937917294168,False
260,0.7318512278153388,0.7318512278153388,0.0,15.247109941847615,0.46,12.225500106811523,12.225500106811523,0.15245735950029654,False
261,0.7319431309774884,0.7319431309774884,0.0,15.563818828930014,0.46,11.409470558166504,11.409470558166504,0.15817799956310766,False
262,0.732035858568235,0.732035858568235,0.0,15.880619028618208,0.46,11.409470558166504,11.409470558166504,0.16389863962591877,False
263,0.732129271187082,0.732129271187082,0.0,16.197511245333793,0.46,11.409470558166504,11.409470558166504,0.1696192796887299,False
264,0.7322232408215109,0.7322232408215109,0.0,16.51449605801032,0.46,11.409470558166504,11.409470558166504,0.175339919751541,False
265,0.7323176498083517,0.7323176498083517,0.0,16.831573930135388,0.46,11.409470558166504,11.409470558166504,0.18106055981435212,False
266,0.7324001413944291,0.7324001413944291,0.0,17.160444919260563,0.46,11.830789566040039,11.830789566040039,0.1874386306188166,False
267,0.7324836351326683,0.7324836351326683,0.0,17.489401298768183,0.46,11.830789566040039,11.830789566040039,0.19381670142328108,False
268,0.7325679558517708,0.7325679558517708,0.0,17.818443939670107,0.46,11.830789566040039,11.830789566040039,0.20019477222774557,False
269,0.7326529459272608,0.7326529459272608,0.0,18.147573552412133,0.46,11.830789566040039,11.830789566040039,0.20657284303221005,False
270,0.7327384630334066,0.7327384630334066,0.0,18.47679070235137,0.46,11.830789566040039,11.830789566040039,0.21295091383667453,False
271,0.7327764413959182,0.7327764413959182,0.0,18.85221510517563,0.46,13.489706039428711,13.489706039428711,0.22240578477076836,False
272,0.7328178155087665,0.7328178155087665,0.0,19.227687815083335,0.46,13.489706039428711,13.489706039428711,0.2318606557048622,False
273,0.7328621336912912,0.7328621336912912,0.0,19.603212277214645,0.46,13.489706039428711,13.489706039428711,0.24131552663895603,False
274,0.7329089970931562,0.7329089970931562,0.0,19.97879147244006,0.46,13.489706039428711,13.489706039428711,0.25077039757304986,False
275,0.7329580520518542,0.7329580520518542,0.0,20.35442796993395,0.46,13.489706039428711,13.489706039428711,0.2602252685071437,False
276,0.7330089837290442,0.7330089837290442,0.22482843399047853,20.35442796993395,0.46,13.489706039428711,0.0,0.26474201047148105,True
277,0.7330615107983268,0.7330352484679509,0.44965686798095705,20.35442796993395,0.46,13.489706039428711,0.0,0.26925875243581837,True
278,0.7331153809980248,0.7330619618028125,0.6744853019714356,20.35442796993395,0.46,13.489706039428711,0.0,0.2737754944001557,True
279,0.7331703673961727,0.733089067048863,0.8993137359619141,20.35442796993395,0.46,13.489706039428711,0.0,0.278292236364493,True
280,0.7332262655806505,0.7331165120148939,1.1241421699523926,20.35442796993395,0.46,13.489706039428711,0.0,0.28280897832883034,True
281,0.7332013813446326,0.7331330837810521,1.3968643506368001,20.35442796993395,0.46,16.363330841064453,0.0,0.29087079572034946,True
282,0.7331826487390787,0.7331411806613763,1.6695865313212077,20.35442796993395,0.46,16.363330841064453,0.0,0.2989326131118686,True
283,0.733169272109601,0.733145125185758,1.9423087120056153,20.35442796993395,0.46,16.363330841064453,0.0,0.3069944305033877,True
284,0.7331605537724316,0.7331470248510061,2.215030892690023,20.35442796993395,0.46,16.363330841064453,0.0,0.5450562478949068,True
285,0.7331558795442006,0.73314799556812,2.4877530733744306,20.35442796993395,0.46,16.363330841064453,0.0,0.7831180652864259,True
286,0.7331928654883938,0.7331520917049296,2.5876533190409345,20.605194687510263,0.46,14.994014739990234,9.0,1.0207871360169976,False
287,0.7332302645466656,0.7331589771589333,2.090102704366048,21.854793439705926,0.46,14.994014739990234,44.847051620483406,1.4384395747900964,False
288,0.7332679493111699,0.7331706168011383,1.5925520896911618,23.104437430658677,0.46,14.994014739990234,44.847051620483406,1.8560920135631953,False
289,0.7333057992832086,0.7331889559621995,1.0950014750162755,24.35415270252132,0.46,14.994014739990234,44.847051620483406,2.273744452336294,False
290,0.7333437009685134,0.7332177159265448,0.5974508603413893,25.603979768213982,0.46,14.994014739990234,44.847051620483406,2.6913968911093926,False
291,0.7333126025081944,0.7332488140038569,0.29122009277343675,26.603085561164693,0.46,17.47320556640625,35.847051620483406,3.023877821481738,False
292,0.733286124390779,0.733286124390779,0.0,27.51863047514439,0.46,17.47320556640625,32.84705352783203,3.104986407361851,False
293,0.7332636147045033,0.7332636147045033,0.0,28.005654757347855,0.46,17.47320556640625,17.47320556640625,3.1255342346194186,False
294,0.7332445011206887,0.7332445011206887,0.0,28.49265008697264,0.46,17.47320556640625,17.47320556640625,3.146082061876986,False
295,0.7332282794752071,0.7332282794752071,0.0,28.97962084614072,0.46,17.47320556640625,17.47320556640625,3.1666298891345535,False
296,0.7332019160422003,0.7332019160422003,0.0,29.47932202124321,0.46,17.931461334228516,17.931461334228516,3.1888371604942103,False
297,0.7331784996042399,0.7331784996042399,0.0,29.97898680381997,0.46,17.931461334228516,17.931461334228516,3.211044431853867,False
298,0.7331575718562855,0.7331575718562855,0.0,30.47861906417322,0.46,17.931461334228516,17.931461334228516,3.233251703213524,False
299,0.733138726682396,0.733138726682396,0.0,30.978222040707074,0.46,17.931461334228516,17.931461334228516,3.255458974573181,False
300,0.7331216032419539,0.7331216032419539,0.0,31.477798410522063,0.46,17.931461334228516,17.931461334228516,3.2776662459328376,False
301,0.7330877913932166,0.7330877913932166,0.0,31.99580121565757,0.46,18.594802856445312,18.594802856445312,3.3024303649223863,False
302,0.7330563814647225,0.7330563814647225,0.0,32.51375342026472,0.46,18.594802856445312,18.594802856445312,3.327194483911935,False
303,0.7330269618641285,0.7330269618641285,0.0,33.031658235740124,0.46,18.594802856445312,18.594802856445312,3.3519586029014836,False
304,0.7329991680809507,0.7329991680809507,0.0,33.54951828542436,0.46,18.594802856445312,18.594802856445312,3.3767227218910323,False
305,0.7329726759956153,0.7329726759956153,0.0,34.067335669928234,0.46,18.594802856445312,18.594802856445312,3.401486840880581,False
306,0.7329999341934654,0.7329999341934654,0.0,34.53104819768193,0.46,16.650487899780273,16.650487899780273,3.419266729618969,False
307,0.7330243378522423,0.7330243378522423,0.0,34.99479592096648,0.46,16.650487899780273,16.650487899780273,3.4370466183573574,False
308,0.7330460783056543,0.7330460783056543,0.0,35.458575001370484,0.46,16.650487899780273,16.650487899780273,3.4548265070957456,False
309,0.733065314443623,0.733065314443623,0.0,35.92238182880531,0.46,16.650487899780273,16.650487899780273,3.4726063958341338,False
310,0.7330821787456756,0.7330821787456756,0.0,36.38621298356637,0.46,16.650487899780273,16.650487899780273,3.490386284572522,False
311,0.7330236715517849,0.7330236715517849,0.0,36.924342281778614,0.46,19.321138381958008,19.321138381958008,3.5181671825956817,False
312,0.7329680969453416,0.7329680969453416,0.0,37.46237857846455,0.46,19.321138381958008,19.321138381958008,3.5459480806188415,False
313,0.7329149249491994,0.7329149249491994,0.0,38.000325911171366,0.46,19.321138381958008,19.321138381958008,3.5737289786420012,False
314,0.7328636949743276,0.7328636949743276,0.0,38.538187544783575,0.46,19.321138381958008,19.321138381958008,3.601509876665161,False
315,0.7328140052696088,0.7328140052696088,0.0,39.075966070553015,0.46,19.321138381958008,19.321138381958008,3.6292907746883207,False
316,0.7328246325542599,0.7328246325542599,0.0,39.55330770159607,0.46,17.149213790893555,17.149213790893555,3.648716658675323,False
317,0.7328320651437223,0.7328320651437223,0.0,40.030660366088895,0.46,17.149213790893555,17.149213790893555,3.6681425426623253,False
318,0.7328365145914908,0.7328365145914907,0.2858202298482259,40.030660366088895,0.46,17.149213790893555,0.0,3.677422595876172,True
319,0.7328381601018477,0.7328373373478504,0.5716404596964518,40.030660366088895,0.46,17.149213790893555,0.0,3.6867026490900185,True
320,0.7328371544241064,0.7328372763732819,0.8574606895446777,40.030660366088895,0.46,17.149213790893555,0.0,3.695982702303865,True
321,0.7327801177384394,0.7328218062167206,1.1756870905558268,40.030660366088895,0.46,19.093584060668945,0.0,3.7087906691778842,True
322,0.7327243723423033,0.7328010540897687,1.4939134915669758,40.030660366088895,0.46,19.093584060668945,0.0,3.7215986360519033,True
323,0.7326695758536651,0.7327779698162026,1.812139892578125,40.030660366088895,0.46,19.093584060668945,0.0,3.7344066029259224,True
324,0.7326154324089053,0.7327536964235436,2.130366293589274,40.030660366088895,0.46,19.093584060668945,0.0,3.9772145697999415,True
325,0.7325616854851476,0.7327287493825078,2.448592694600423,40.030660366088895,0.46,19.093584060668945,0.0,4.2200225366739605,True
326,0.7325425735449623,0.7327085951604524,2.745936584472656,40.030660366088895,0.46,17.840633392333984,0.0,4.46047090875302,True
327,0.732521062372791,0.7326902776671791,3.043280474344889,40.030660366088895,0.46,17.840633392333984,0.0,4.70091928083208,True
328,0.7324972650092157,0.7326731031734035,2.914971001942952,40.74119912014729,0.46,17.840633392333984,25.539201736450195,4.974877845720439,False
329,0.7324712777116441,0.7326544274210058,2.786661529541015,41.45169661100323,0.46,17.840633392333984,25.539201736450195,5.2488364106087975,False
330,0.7324431829682727,0.7326340671014093,2.658352057139078,42.16214911974788,0.46,17.840633392333984,25.539201736450195,5.522794975497156,False
331,0.732413051957283,0.7326118406205622,2.535513178507486,42.8634222610358,0.46,17.840633392333984,25.210966110229492,5.79547803301501,False
332,0.7323809465537918,0.7325876141260252,2.412674299875894,43.56464257476649,0.46,17.840633392333984,25.210966110229492,6.068161090532865,False
333,0.7323469209682262,0.7325612150796934,2.2898354212443017,44.265805328623316,0.46,17.840633392333984,25.210966110229492,6.340844148050719,False
334,0.7323110230843993,0.7325324716775806,2.1669965426127096,44.96690541705507,0.46,17.840633392333984,25.210966110229492,6.613527205568573,False
335,0.7322732954405009,0.7325012122602629,2.0441576639811174,45.66793736186038,0.46,17.840633392333984,25.210966110229492,6.8862102630864275,False
336,0.7322337760594821,0.7324672647494067,1.7713187853495254,46.61912854420346,0.46,17.840633392333984,34.21096611022949,7.2072059351208875,False
337,0.732192499151996,0.7324277868970254,1.3624872525533016,47.79704100333584,0.46,17.840633392333984,42.37052536010739,7.600673715220174,False
338,0.7321494957114613,0.7323779533763396,0.9536557197570782,48.97477096046531,0.46,17.840633392333984,42.37052536010739,7.994141495319461,False
339,0.7321047940177988,0.7323130510521125,0.5448241869608547,50.15226327766305,0.46,17.840633392333984,42.37052536010739,8.387609275418749,False
340,0.7320584201269762,0.7322231744459093,0.13599265416463113,51.32942660036916,0.46,17.840633392333984,42.37052536010739,8.781077055518036,False
341,0.732023386593882,0.732023386593882,0.0,52.03868833197528,0.46,17.380224227905273,25.539783477783143,8.824249690043898,False
342,0.7319858556540417,0.7319858556540417,0.0,52.521199997517236,0.46,17.380224227905273,17.380224227905273,8.844471232174175,False
343,0.7319459512333035,0.7319459512333035,0.0,53.00365180854052,0.46,17.380224227905273,17.380224227905273,8.864692774304453,False
344,0.7319037827365893,0.7319037827365893,0.0,53.486040378096305,0.46,17.380224227905273,17.380224227905273,8.884914316434731,False
345,0.7318594473937062,0.7318594473937062,0.0,53.968362466516155,0.46,17.380224227905273,17.380224227905273,8.905135858565009,False
346,0.731794593881263,0.731794593881263,0.0,54.468542260334,0.46,18.02735137939453,18.02735137939453,8.927701304414349,False
347,0.7317289862980649,0.7317289862980649,0.0,54.968620054750225,0.46,18.02735137939453,18.02735137939453,8.950266750263689,False
348,0.7316625483466581,0.7316625483466581,0.0,55.46859458255562,0.46,18.02735137939453,18.02735137939453,8.972832196113028,False
349,0.7315952168858255,0.7315952168858255,0.0,55.96846447932075,0.46,18.02735137939453,18.02735137939453,8.995397641962368,False
350,0.7315269395084427,0.7315269395084427,0.0,56.46822830017434,0.46,18.02735137939453,18.02735137939453,9.017963087811708,False
351,0.7315155889146211,0.7315155889146211,0.0,56.911933792307,0.46,16.005794525146484,16.005794525146484,9.033756641431246,False
352,0.7314994087697909,0.7314994087697909,0.0,57.35561696996743,0.46,16.005794525146484,16.005794525146484,9.049550195050784,False
353,0.7314788093123645,0.7314788093123645,0.0,57.799271740182235,0.46,16.005794525146484,16.005794525146484,9.065343748670323,False
354,0.7314541483992154,0.7314541483992154,0.0,58.242892504727386,0.46,16.005794525146484,16.005794525146484,9.08113730228986,False
355,0.7314257397635334,0.7314257397635334,0.0,58.686474099375744,0.46,16.005794525146484,16.005794525146484,9.096930855909399,False
356,0.7313217246595982,0.7313217246595982,0.0,59.198541284882225,0.46,18.482940673828125,18.482940673828125,9.121250731882588,False
357,0.731219339528914,0.731219339528914,0.0,59.710445549556596,0.46,18.482940673828125,18.482940673828125,9.145570607855777,False
358,0.7311182308168316,0.7311182308168316,0.0,60.222188981475846,0.46,18.482940673828125,18.482940673828125,9.169890483828967,False
359,0.7310180973991428,0.7310180973991427,0.30804901123046874,60.222188981475846,0.46,18.482940673828125,0.0,9.181508474718665,True
360,0.7309186818760954,0.7309683939359507,0.6160980224609375,60.222188981475846,0.46,18.482940673828125,0.0,9.193126465608364,True
361,0.7308904196719312,0.7309447839842558,0.8837003707885742,60.222188981475846,0.46,16.056140899658203,0.0,9.200742718129097,True
362,0.7308577685355543,0.7309245609508703,1.1513027191162108,60.222188981475846,0.46,16.056140899658203,0.0,9.208358970649831,True
363,0.7308211115679029,0.7309050534749981,1.4189050674438475,60.222188981475846,0.46,16.056140899658203,0.0,9.215975223170565,True
364,0.7307807820966521,0.7308853386100554,1.686507415771484,60.222188981475846,0.46,16.056140899658203,0.0,9.223591475691299,True
365,0.7307370716209476,0.7308650389491975,1.9541097640991207,60.222188981475846,0.46,16.056140899658203,0.0,9.231207728212032,True
366,0.7306282412367373,0.7308333020581839,2.256668345133463,60.222188981475846,0.46,18.153514862060547,0.0,9.472215514727912,True
367,0.7305206682329998,0.7307963593720971,2.5592269261678053,60.222188981475846,0.46,18.153514862060547,0.0,9.713223301243792,True
368,0.7304140665150928,0.7307559659689067,2.8617855072021476,60.222188981475846,0.46,18.153514862060547,0.0,9.954231087759672,True
369,0.7303081925347,0.7307131822660694,2.7651299794514963,60.88454529656536,0.46,18.153514862060547,23.95284652709961,10.222884496315919,False
370,0.7302028385438145,0.7306628885484134,2.668474451700845,61.546798107124864,0.46,18.153514862060547,23.95284652709961,10.491537904872166,False
371,0.7301204910572049,0.7306098004271493,2.134779561360676,62.912647851418555,0.46,17.387514114379883,49.40920753479002,10.973859289768768,False
372,0.7300367936414562,0.7305413729922833,1.6010846710205073,64.27820722231583,0.46,17.387514114379883,49.40920753479002,11.45618067466537,False
373,0.7299517976486892,0.7304510942168382,1.0673897806803383,65.64338359882322,0.46,17.387514114379883,49.40920753479002,11.938502059561973,False
374,0.7298655487194013,0.7303261657438377,0.5336948903401693,67.00803018290374,0.46,17.387514114379883,49.40920753479002,12.420823444458575,False
375,0.7297780875515666,0.7297780875515666,0.0,68.37185979203603,0.46,17.387514114379883,49.40920753479002,12.673144829355177,False
376,0.7296894505771799,0.7296894505771799,0.0,68.85114140612812,0.46,17.387514114379883,17.387514114379883,12.693391827069343,False
377,0.7295996705553965,0.7295996705553965,0.0,69.33028938184358,0.46,17.387514114379883,17.387514114379883,12.713638824783509,False
378,0.7295087770909036,0.7295087770909036,0.0,69.80930210422875,0.46,17.387514114379883,17.387514114379883,12.733885822497674,False
379,0.729416797085585,0.729416797085585,0.0,70.28817799988983,0.46,17.387514114379883,17.387514114379883,12.75413282021184,False
380,0.7293237549166035,0.7293237549166035,0.0,70.76691553320507,0.46,17.387514114379883,17.387514114379883,12.774379817926006,False
381,0.7292210190799799,0.7292210190799799,0.0,71.25343578298471,0.46,17.675817489624023,17.675817489624023,12.795650757463736,False
382,0.7291178472389253,0.7291178472389253,0.0,71.7398001713172,0.46,17.675817489624023,17.675817489624023,12.816921697001467,False
383,0.7290141889095764,0.7290141889095764,0.0,72.2260080194189,0.46,17.675817489624023,17.675817489624023,12.838192636539198,False
384,0.7289100010746385,0.7289100010746385,0.0,72.7120585843404,0.46,17.675817489624023,17.675817489624023,12.859463576076928,False
385,0.728805247193976,0.728805247193976,0.0,73.19795106883632,0.46,17.675817489624023,17.675817489624023,12.880734515614659,False
386,0.7286998963587766,0.7286998963587766,0.0,73.68368462994262,0.46,17.675817489624023,17.675817489624023,12.90200545515239,False
387,0.7285939225669242,0.7285939225669242,0.0,74.16925838644688,0.46,17.675817489624023,17.675817489624023,12.92327639469012,False
388,0.7284873041008382,0.7284873041008382,0.0,74.65467142540804,0.46,17.675817489624023,17.675817489624023,12.94454733422785,False
389,0.7283800229920742,0.7283800229920742,0.0,75.1399228078583,0.46,17.675817489624023,17.675817489624023,12.965818273765581,False
390,0.7282720645598019,0.7282720645598019,0.0,75.62501157380015,0.46,17.675817489624023,17.675817489624023,12.987089213303312,False
391,0.728202392382824,0.728202392382824,0.0,76.07476346622673,0.46,16.391746520996094,16.391746520996094,13.004053040349762,False
392,0.728129449269657,0.728129449269657,0.0,76.52441352360582,0.46,16.391746520996094,16.391746520996094,13.021016867396211,False
393,0.7280535264159202,0.7280535264159202,0.0,76.9739576132665,0.46,16.391746520996094,16.391746520996094,13.03798069444266,False
394,0.7279748780442926,0.7279748780442926,0.0,77.42339196048881,0.46,16.391746520996094,16.391746520996094,13.05494452148911,False
395,0.7278937271311081,0.7278937271311081,0.0,77.87271310464794,0.46,16.391746520996094,16.391746520996094,13.07190834853556,False
396,0.7278534082054756,0.7278534082054756,0.0,78.28350008510296,0.46,14.987852096557617,14.987852096557617,13.084876149716427,False
397,0.727808223965397,0.727808223965397,0.0,78.69422945389864,0.46,14.987852096557617,14.987852096557617,13.097843950897294,False
398,0.7277586378584411,0.7277586378584411,0.0,79.1048956088494,0.46,14.987852096557617,14.987852096557617,13.110811752078162,False
399,0.7277050571612674,0.7277050571612674,0.0,79.51549346972244,0.46,14.987852096557617,14.987852096557617,13.123779553259029,False
400,0.7276478414971455,0.7276478414971455,0.0,79.92601841735612,0.46,14.987852096557617,14.987852096557617,13.136747354439896,False
401,0.7275873098869999,0.7275873098869999,0.0,80.33646624175638,0.46,14.987852096557617,14.987852096557617,13.149715155620763,False
402,0.7275237465992737,0.7275237465992738,0.24979753494262696,80.33646624175638,0.46,14.987852096557617,0.0,13.155910080140314,True
403,0.727457406015324,0.7274905782098244,0.49959506988525393,80.33646624175638,0.46,14.987852096557617,0.0,13.162105004659866,True
404,0.7273885166873897,0.7274565617044872,0.749392604827881,80.33646624175638,0.46,14.987852096557617,0.0,13.168299929179417,True
405,0.7273172848241843,0.7274217487720458,0.9991901397705079,80.33646624175638,0.46,14.987852096557617,0.0,13.174494853698969,True
406,0.7272711599940911,0.7273930406297984,1.234603754679362,80.33646624175638,0.46,14.12481689453125,0.0,13.179680063136473,True
407,0.7272213482697067,0.7273655520801553,1.4700173695882162,80.33646624175638,0.46,14.12481689453125,0.0,13.184865272573978,True
408,0.7271681939543677,0.7273383172459263,1.7054309844970703,80.33646624175638,0.46,14.12481689453125,0.0,13.190050482011483,True
409,0.7271120038961283,0.7273108761335177,1.9408445994059245,80.33646624175638,0.46,14.12481689453125,0.0,13.195235691448987,True
410,0.7270530523921883,0.7272829975004395,2.1762582143147786,80.33646624175638,0.46,14.12481689453125,0.0,13.430420900886492,True
411,0.7270528164478879,0.727263319791905,2.379774284362793,80.33646624175638,0.46,12.21096420288086,0.0,13.663771077458593,True
412,0.7270466231348056,0.7272462539439675,2.4332903544108078,80.58267378774875,0.46,12.21096420288086,9.0,13.89858775548842,False
413,0.7270350683537594,0.727229959540094,2.3368064244588225,81.07506397942569,0.46,12.21096420288086,18.0,14.143669943722328,False
414,0.7270186791503045,0.7272130386508919,2.0986510594685885,81.7999415214833,0.46,12.21096420288086,26.500286102294922,14.414457604694537,False
415,0.7269979236153535,0.7271940285045881,1.8604956944783544,82.52477629958692,0.46,12.21096420288086,26.500286102294922,14.685245265666746,False
416,0.7268978178630203,0.7271599404005173,1.5108989715576184,83.49567600632096,0.46,14.524482727050781,35.50028610229492,15.0108848599794,False
417,0.7267988070653024,0.7271100969548872,1.1387998326619475,84.50334503840227,0.46,14.524482727050781,36.85043106079103,15.347188763367681,False
418,0.726700711114178,0.7270383712671644,0.7667006937662767,85.51078980365192,0.46,14.524482727050781,36.85043106079103,15.683492666755962,False
419,0.7266033823852552,0.7269340470608783,0.3946015548706058,86.51790847451974,0.46,14.524482727050781,36.85043106079103,16.01979657014424,False
420,0.7265067000437527,0.7265067000437527,0.0,87.524519721511,0.46,14.524482727050781,36.85043106079103,16.12610047353252,False
421,0.7264568875979223,0.7264568875979223,0.0,87.88212253113436,0.75,13.104059219360352,13.104059219360352,16.140231350661395,False
422,0.7264046403466649,0.7264046403466649,0.0,88.2396673776263,0.75,13.104059219360352,13.104059219360352,16.15436222779027,False
423,0.7263502140217059,0.7263502140217059,0.0,88.59715185463673,0.75,13.104059219360352,13.104059219360352,16.168493104919143,False
424,0.7262938358045075,0.7262938358045075,0.0,88.95457380909059,0.75,13.104059219360352,13.104059219360352,16.182623982048018,False
425,0.7262357079600649,0.7262357079600649,0.0,89.31193131341463,0.75,13.104059219360352,13.104059219360352,16.19675485917689,False
426,0.7262419582038968,0.7262419582038968,0.0,89.61462825038157,0.75,11.099477767944336,11.099477767944336,16.205342210200993,False
427,0.7262429070962179,0.7262429070962179,0.0,89.91732607843473,0.75,11.099477767944336,11.099477767944336,16.213929561225093,False
428,0.7262391140147676,0.7262391140147676,0.0,90.22002034449676,0.75,11.099477767944336,11.099477767944336,16.222516912249194,False
429,0.7262310722342139,0.7262310722342139,0.0,90.52270705887122,0.75,11.099477767944336,11.099477767944336,16.231104263273295,False
430,0.7262192184809247,0.7262192184809247,0.0,90.82538264228185,0.75,11.099477767944336,11.099477767944336,16.239691614297396,False
431,0.7261781211693905,0.7261781211693905,0.0,91.14907966855499,0.75,11.871872901916504,11.871872901916504,16.25019935372056,False
432,0.7261354701461905,0.7261354701461905,0.0,91.47273386753658,0.75,11.871872901916504,11.871872901916504,16.260707093143726,False
433,0.7260914133256492,0.7260914133256492,0.0,91.79634383423613,0.75,11.871872901916504,11.871872901916504,16.27121483256689,False
434,0.7260460871547065,0.7260460871547065,0.0,92.11990830126373,0.75,11.871872901916504,11.871872901916504,16.281722571990056,False
435,0.7259996175802588,0.7259996175802588,0.0,92.44342612822436,0.75,11.871872901916504,11.871872901916504,16.29223031141322,False
436,0.7260146467482691,0.7260146467482691,0.0,92.71629398378685,0.75,10.012744903564453,10.012744903564453,16.2985342363623,False
437,0.7260251251252727,0.7260251251252727,0.0,92.98917070915202,0.75,10.012744903564453,10.012744903564453,16.30483816131138,False
438,0.7260315331075679,0.7260315331075679,0.0,93.26205285894446,0.75,10.012744903564453,10.012744903564453,16.31114208626046,False
439,0.7260342967727205,0.7260342967727205,0.0,93.53493734824676,0.75,10.012744903564453,10.012744903564453,16.31744601120954,False
440,0.726033795524402,0.726033795524402,0.0,93.8078214132285,0.75,10.012744903564453,10.012744903564453,16.32374993615862,False
441,0.7260068743100931,0.7260068743100931,0.0,94.09946581818289,0.75,10.701998710632324,10.701998710632324,16.331447375263796,False
442,0.7259786925532117,0.7259786925532117,0.0,94.39108472789499,0.75,10.701998710632324,10.701998710632324,16.33914481436897,False
443,0.7259493816928423,0.7259493816928423,0.0,94.68267712352574,0.75,10.701998710632324,10.701998710632324,16.346842253474147,False
444,0.7259190639922082,0.7259190639922082,0.0,94.97424209712541,0.75,10.701998710632324,10.701998710632324,16.354539692579323,False
445,0.7258878529330759,0.7258878529330759,0.0,95.26577884365611,0.75,10.701998710632324,10.701998710632324,16.3622371316845,False
446,0.72593069226646,0.72593069226646,0.0,95.49781276435074,0.75,8.516582489013672,8.516582489013672,16.366116380628434,False
447,0.7259686162000264,0.7259686162000264,0.0,95.7298739836415,0.75,8.516582489013672,8.516582489013672,16.36999562957237,False
448,0.7260021476735888,0.7260021476735888,0.0,95.9619593427004,0.75,8.516582489013672,8.516582489013672,16.373874878516304,False
449,0.7260317502861676,0.7260317502861676,0.0,96.19406601540715,0.75,8.516582489013672,8.516582489013672,16.37775412746024,False
450,0.7260578366857522,0.7260578366857522,0.0,96.4261914719202,0.75,8.516582489013672,8.516582489013672,16.381633376404174,False
451,0.7259970463056921,0.7259970463056921,0.0,96.72398407533208,0.75,10.927942276000977,10.927942276000977,16.389828712251855,False
452,0.7259383110341957,0.7259383110341957,0.0,97.02172242546987,0.75,10.927942276000977,10.927942276000977,16.398024048099536,False
453,0.7258814199960112,0.7258814199960112,0.0,97.31940823631369,0.75,10.927942276000977,10.927942276000977,16.406219383947217,False
454,0.7258261956857951,0.7258261956857951,0.0,97.61704305695783,0.75,10.927942276000977,10.927942276000977,16.414414719794898,False
455,0.7257724879634749,0.7257724879634749,0.0,97.9146282970247,0.75,10.927942276000977,10.927942276000977,16.42261005564258,False
456,0.7258008881900436,0.7258008881900436,0.0,98.14867384196539,0.75,8.593876838684082,8.593876838684082,16.426595887326453,False
457,0.7258259018732899,0.7258259018732899,0.0,98.3827375472583,0.75,8.593876838684082,8.593876838684082,16.430581719010327,False
458,0.7258479181729747,0.7258479181729747,0.0,98.61681723804905,0.75,8.593876838684082,8.593876838684082,16.4345675506942,False
459,0.7258672801811517,0.7258672801811517,0.0,98.85091098812441,0.75,8.593876838684082,8.593876838684082,16.438553382378075,False
460,0.7258842915257331,0.7258842915257331,0.0,99.08501709137788,0.75,8.593876838684082,8.593876838684082,16.44253921406195,False
461,0.7258675823848498,0.7258675823848498,0.0,99.34380328228733,0.75,9.500358581542969,9.500358581542969,16.447924038788,False
462,0.7258508392799493,0.7258508392799493,0.0,99.60257603310893,0.75,9.500358581542969,9.500358581542969,16.45330886351405,False
463,0.7258340917472864,0.7258340917472864,0.0,99.86133534106472,0.75,9.500358581542969,9.500358581542969,16.4586936882401,False
464,0.7258173696406593,0.7258173696406593,0.0,100.12008122733816,0.75,9.500358581542969,9.500358581542969,16.46407851296615,False
465,0.7258007027269741,0.725800702726974,0.1583393096923828,100.12008122733816,0.75,9.500358581542969,0.0,16.466650929235,True
466,0.7258258993187674,0.7258124547283783,0.29673868815104165,100.12008122733816,0.75,8.303962707519531,0.0,16.468368748326494,True
467,0.7258488338302396,0.7258240259073647,0.4351380666097005,100.12008122733816,0.75,8.303962707519531,0.0,16.470086567417987,True
468,0.7258697765960519,0.7258350665916323,0.5735374450683594,100.12008122733816,0.75,8.303962707519531,0.0,16.47180438650948,True
469,0.7258889676542215,0.7258455456564551,0.7119368235270183,100.12008122733816,0.75,8.303962707519531,0.0,16.473522205600972,True
470,0.7259066207713668,0.7258554870223007,0.850336201985677,100.12008122733816,0.75,8.303962707519531,0.0,16.475240024692464,True
471,0.7259466931467019,0.7258673503280145,0.977458127339681,100.12008122733816,0.75,7.627315521240234,0.0,16.47657120348999,True
472,0.7259842757291539,0.7258808092298228,1.1045800526936849,100.12008122733816,0.75,7.627315521240234,0.0,16.477902382287514,True
473,0.7260196535473665,0.725895142199726,1.2317019780476888,100.12008122733816,0.75,7.627315521240234,0.0,16.47923356108504,True
474,0.7260530805493147,0.7259099214398785,1.3588239034016927,100.12008122733816,0.75,7.627315521240234,0.0,16.855564739882563,True
475,0.7260847837521934,0.7259248849496491,1.3359458287556967,100.36528141996419,0.75,7.627315521240234,9.0,17.23428695366551,False
476,0.7260459091090636,0.7259378088737418,1.195631504058838,100.85570146601056,0.75,9.581140518188477,18.0,17.63105382945093,False
477,0.7260096796065502,0.7259462777263995,0.9284423383076985,101.55354639606911,0.75,9.581140518188477,25.612490463256837,18.063800321527463,False
478,0.7259758511012989,0.7259506178865588,0.6612531725565591,102.25140072157228,0.75,9.581140518188477,25.612490463256837,18.496546813603995,False
479,0.7259442131996232,0.7259493720840704,0.3940640068054198,102.94925235018631,0.75,9.581140518188477,25.612490463256837,18.929293305680527,False
480,0.7259145836676707,0.7259393405214664,0.12687484105428054,103.64708226309001,0.75,9.581140518188477,25.612490463256837,19.36203979775706,False
481,0.7259122578088173,0.7259122578088173,0.0,104.09576014334789,0.75,8.85610294342041,16.46859340667724,19.378773237869172,False
482,0.7259101504411003,0.7259101504411003,0.0,104.33702890965749,0.75,8.85610294342041,8.85610294342041,19.383135176462403,False
483,0.7259082938933392,0.7259082938933392,0.0,104.57829628649509,0.75,8.85610294342041,8.85610294342041,19.387497115055634,False
484,0.7259067158056073,0.7259067158056073,0.0,104.81956248227192,0.75,8.85610294342041,8.85610294342041,19.391859053648865,False
485,0.7259054398735684,0.7259054398735684,0.0,105.06082772312982,0.75,8.85610294342041,8.85610294342041,19.396220992242096,False
486,0.7258301305273963,0.7258301305273963,0.0,105.35977262667325,0.75,10.975909233093262,10.975909233093262,19.404524719952203,False
487,0.7257596578369333,0.7257596578369333,0.0,105.65865218840814,0.75,10.975909233093262,10.975909233093262,19.41282844766231,False
488,0.72569356177848,0.72569356177848,0.0,105.95747048074568,0.75,10.975909233093262,10.975909233093262,19.421132175372417,False
489,0.7256314386598307,0.7256314386598307,0.0,106.25623119922858,0.75,10.975909233093262,10.975909233093262,19.429435903082524,False
490,0.7255729327647807,0.7255729327647807,0.0,106.55493770746426,0.75,10.975909233093262,10.975909233093262,19.43773963079263,False
491,0.7255773026416094,0.7255773026416094,0.0,106.80687491859824,0.75,9.257255554199219,9.257255554199219,19.442721569014267,False
492,0.7255811273473534,0.7255811273473534,0.0,107.0588151184654,0.75,9.257255554199219,9.257255554199219,19.447703507235904,False
493,0.725584532172124,0.725584532172124,0.0,107.31075797899204,0.75,9.257255554199219,9.257255554199219,19.45268544545754,False
494,0.7255876228582785,0.7255876228582785,0.0,107.56270325472534,0.75,9.257255554199219,9.257255554199219,19.457667383679176,False
495,0.7255904888649309,0.7255904888649309,0.0,107.81465077011322,0.75,9.257255554199219,9.257255554199219,19.462649321900813,False
496,0.7255460603104501,0.7255460603104501,0.0,108.10353618782756,0.75,10.615920066833496,10.615920066833496,19.470162514090976,False
497,0.7255043659670348,0.7255043659670348,0.0,108.39238424950388,0.75,10.615920066833496,10.615920066833496,19.47767570628114,False
498,0.7254651648151217,0.7254651648151217,0.0,108.68119719381231,0.75,10.615920066833496,10.615920066833496,19.485188898471304,False
499,0.7254282440484677,0.7254282440484677,0.0,108.96997706791676,0.75,10.615920066833496,10.615920066833496,19.492702090661467,False
500,0.7253934147775191,0.7253934147775191,0.0,109.2587257490419,0.75,10.615920066833496,10.615920066833496,19.50021528285163,False
501,0.7254114333449431,0.7254114333449431,0.0,109.50729472699393,0.75,9.138192176818848,9.138192176818848,19.505007455323852,False
502,0.7254282164129251,0.7254282164129251,0.0,109.75587664392283,0.75,9.138192176818848,9.138192176818848,19.509799627796074,False
503,0.7254439414933752,0.7254439414933752,0.0,110.00447068484772,0.75,9.138192176818848,9.138192176818848,19.514591800268295,False
504,0.7254587610312622,0.7254587610312622,0.0,110.25307615219899,0.75,9.138192176818848,9.138192176818848,19.519383972740517,False
505,0.725472806393122,0.725472806393122,0.0,110.50169244959618,0.75,9.138192176818848,9.138192176818848,19.52417614521274,False
506,0.7254380520006195,0.7254380520006195,0.0,110.78817302478964,0.75,10.531074523925781,10.531074523925781,19.531510630423572,False
507,0.7254055960951781,0.7254055960951781,0.0,111.07462476380476,0.75,10.531074523925781,10.531074523925781,19.538845115634405,False
508,0.7253752246934467,0.7253752246934467,0.0,111.3610495215865,0.75,10.531074523925781,10.531074523925781,19.54617960084524,False
509,0.7253467496408857,0.7253467496408857,0.0,111.64744898537101,0.75,10.531074523925781,10.531074523925781,19.553514086056072,False
510,0.7253200048459015,0.7253200048459015,0.0,111.93382469438222,0.75,10.531074523925781,10.531074523925781,19.560848571266906,False
511,0.7253188002640949,0.7253188002640949,0.0,112.20123952325562,1.04,9.833850860595703,9.833850860595703,19.56912979479625,False
512,0.7253176159511795,0.7253176159511795,0.0,112.46865336991458,1.04,9.833850860595703,9.833850860595703,19.577411018325595,False
513,0.7253164856476879,0.7253164856476879,0.0,112.73606627915575,1.04,9.833850860595703,9.833850860595703,19.58569224185494,False
514,0.7253154368340339,0.7253154368340339,0.0,113.00347831856604,1.04,9.833850860595703,9.833850860595703,19.593973465384284,False
515,0.7253144920974868,0.7253144920974868,0.0,113.27088957446422,1.04,9.833850860595703,9.833850860595703,19.60225468891363,False
516,0.7252661167939802,0.7252661167939802,0.0,113.5758961771215,1.04,11.218074798583984,11.218074798583984,19.614548276765014,False
517,0.7252207675753708,0.7252207675753708,0.0,113.88085988617769,1.04,11.218074798583984,11.218074798583984,19.6268418646164,False
518,0.7251781508453737,0.7251781508453737,0.0,114.18578329226654,1.04,11.218074798583984,11.218074798583984,19.639135452467784,False
519,0.7251380090120846,0.7251380090120846,0.0,114.49066874132727,1.04,11.218074798583984,11.218074798583984,19.65142904031917,False
520,0.7251001149239199,0.7251001149239199,0.0,114.79551836358173,1.04,11.218074798583984,11.218074798583984,19.663722628170554,False
521,0.7251403690128213,0.7251403690128213,0.0,115.03974634995039,1.04,8.986154556274414,8.986154556274414,19.670041583810733,False
522,0.7251780037379668,0.7251780037379668,0.0,115.28400284262584,1.04,8.986154556274414,8.986154556274414,19.67636053945091,False
523,0.7252133269990664,0.7252133269990664,0.0,115.52828609415884,1.04,8.986154556274414,8.986154556274414,19.68267949509109,False
524,0.7252466060870019,0.7252466060870019,0.0,115.77259455898115,1.04,8.986154556274414,8.986154556274414,19.68899845073127,False
525,0.7252780740936131,0.7252780740936131,0.0,116.0169268676193,1.04,8.986154556274414,8.986154556274414,19.695317406371448,False
526,0.7252493737894282,0.7252493737894282,0.0,116.307628627442,1.04,10.692501068115234,10.692501068115234,19.705962796005444,False
527,0.7252227085385133,0.7252227085385133,0.0,116.59830634816089,1.04,10.692501068115234,10.692501068115234,19.71660818563944,False
528,0.7251978746528034,0.7251978746528034,0.0,116.8889616827636,1.04,10.692501068115234,10.692501068115234,19.727253575273437,False
529,0.7251746949003594,0.7251746949003594,0.0,117.1795961240704,1.04,10.692501068115234,10.692501068115234,19.737898964907433,False
530,0.7251530145295693,0.7251530145295693,0.0,117.47021102507334,1.04,10.692501068115234,10.692501068115234,19.74854435454143,False
531,0.7251649667135943,0.7251649667135943,0.0,117.73514904261901,1.04,9.747418403625488,9.747418403625488,19.75660913370942,False
532,0.7251762409321943,0.7251762409321943,0.0,118.00009632358694,1.04,9.747418403625488,9.747418403625488,19.764673912877413,False
533,0.7251869339509222,0.7251869339509222,0.0,118.26505239076869,1.04,9.747418403625488,9.747418403625488,19.772738692045404,False
534,0.7251971298260882,0.7251971298260882,0.0,118.53001683597392,1.04,9.747418403625488,9.747418403625488,19.780803471213396,False
535,0.7252069017656936,0.7252069017656936,0.0,118.79498931112795,1.04,9.747418403625488,9.747418403625488,19.788868250381388,False
536,0.725260058110109,0.725260058110109,0.0,119.0252198006978,1.04,8.467985153198242,8.467985153198242,19.79415591520995,False
537,0.7253104142414001,0.7253104142414001,0.0,119.25548624858364,1.04,8.467985153198242,8.467985153198242,19.79944358003851,False
538,0.7253582745834731,0.7253582745834731,0.0,119.48578687837464,1.04,8.467985153198242,8.467985153198242,19.80473124486707,False
539,0.7254039069426608,0.7254039069426608,0.0,119.71612010409292,1.04,8.467985153198242,8.467985153198242,19.810018909695632,False
540,0.7254475478766982,0.7254475478766982,0.0,119.9464845080267,1.04,8.467985153198242,8.467985153198242,19.815306574524193,False
541,0.7254996047128685,0.7254996047128685,0.0,120.16882548860646,1.04,8.171731948852539,8.171731948852539,19.820058460291573,False
542,0.7255494963136034,0.7255494963136034,0.13619553248087565,120.16882548860646,1.04,8.171731948852539,0.0,19.82232851157042,True
543,0.7255974471207758,0.7255734727078538,0.2723910649617513,120.16882548860646,1.04,8.171731948852539,0.0,19.824598562849264,True
544,0.7256436574131916,0.7255968694963297,0.40858659744262693,120.16882548860646,1.04,8.171731948852539,0.0,19.82686861412811,True
545,0.7256883065238855,0.7256197314553655,0.5447821299235026,120.16882548860646,1.04,8.171731948852539,0.0,19.829138665406955,True
546,0.7257087643958955,0.7256386706176219,0.6919583002726237,120.16882548860646,1.04,8.830570220947266,0.0,19.832003236307266,True
547,0.725729266545174,0.7256545623242087,0.8391344706217448,120.16882548860646,1.04,8.830570220947266,0.0,19.834867807207576,True
548,0.7257498114762835,0.7256687772816609,0.986310640970866,120.16882548860646,1.04,8.830570220947266,0.0,19.837732378107887,True
549,0.725770401313832,0.7256819745379958,1.133486811319987,120.16882548860646,1.04,8.830570220947266,0.0,19.840596949008198,True
550,0.7257910408566057,0.7256945107280599,1.280662981669108,120.16882548860646,1.04,8.830570220947266,0.0,19.84346151990851,True
551,0.7258117368203656,0.7257065961333843,1.427839152018229,120.16882548860646,1.04,8.830570220947266,0.0,20.366326090808823,True
552,0.7258324972348884,0.7257183631861572,1.42501532236735,120.41386865284612,1.04,8.830570220947266,9.0,20.892506230222253,False
553,0.7258533309668695,0.7257310004705498,1.272191492716471,120.9039741923672,1.04,8.830570220947266,18.0,21.441895349227522,False
554,0.7258742473453206,0.7257458572228782,1.0345493952433265,121.53267504676734,1.04,8.830570220947266,23.089096069335938,22.020742288880626,False
555,0.725895255731507,0.7257644680238172,0.7969072977701819,122.16141219579033,1.04,8.830570220947266,23.089096069335938,22.59958922853373,False
556,0.7258482640309026,0.7257799130202083,0.5797673702239986,122.81039041076619,1.04,10.802870750427246,23.831266403198242,23.186390016221328,False
557,0.7258054915950887,0.7257859743916846,0.3626274426778153,123.45938082771103,1.04,10.802870750427246,23.831266403198242,23.773190803908925,False
558,0.7257665125252201,0.7257795175128777,0.14548751513163205,124.10835824651156,1.04,10.802870750427246,23.831266403198242,24.359991591596522,False
559,0.725730953524945,0.725730953524945,0.0,124.64021625463161,1.04,10.802870750427246,19.532121658325167,24.399126733115434,False
560,0.7256984859095434,0.7256984859095434,0.0,124.93432807957825,1.04,10.802870750427246,10.802870750427246,24.41010518733021,False
561,0.7256421727024385,0.7256421727024385,0.0,125.24962569925557,1.04,11.58305835723877,11.58305835723877,24.423638165710333,False
562,0.725590073889074,0.725590073889074,0.0,125.56487237256891,1.04,11.58305835723877,11.58305835723877,24.437171144090456,False
563,0.7255417782786923,0.7255417782786923,0.0,125.88007182676364,1.04,11.58305835723877,11.58305835723877,24.45070412247058,False
564,0.725496921244428,0.725496921244428,0.0,126.19522743081126,1.04,11.58305835723877,11.58305835723877,24.464237100850703,False
565,0.7254551783337118,0.7254551783337118,0.0,126.5103422350229,1.04,11.58305835723877,11.58305835723877,24.477770079230826,False
566,0.7253596521551641,0.7253596521551641,0.0,126.87092003222547,1.04,13.258124351501465,13.258124351501465,24.49806418497725,False
567,0.7252703596136287,0.7252703596136287,0.0,127.2313979884753,1.04,13.258124351501465,13.258124351501465,24.518358290723672,False
568,0.7251866619370063,0.7251866619370063,0.0,127.59178238745905,1.04,13.258124351501465,13.258124351501465,24.538652396470095,False
569,0.7251079946572758,0.7251079946572758,0.0,127.95207887674108,1.04,13.258124351501465,13.258124351501465,24.558946502216518,False
570,0.7250338573253163,0.7250338573253163,0.0,128.31229254027892,1.04,13.258124351501465,13.258124351501465,24.57924060796294,False
571,0.7249888158201048,0.7249888158201048,0.0,128.65205144457215,1.04,12.507007598876953,12.507007598876953,24.596277245981977,False
572,0.7249458501880452,0.7249458501880452,0.0,128.99176508350345,1.04,12.507007598876953,12.507007598876953,24.613313884001013,False
573,0.7249047831571882,0.7249047831571882,0.0,129.331435463555,1.04,12.507007598876953,12.507007598876953,24.63035052202005,False
574,0.7248654515449169,0.7248654515449169,0.0,129.67106441850277,1.04,12.507007598876953,12.507007598876953,24.647387160039084,False
575,0.7248277050283326,0.7248277050283326,0.0,130.0106536230861,1.04,12.507007598876953,12.507007598876953,24.66442379805812,False
576,0.724791405046689,0.724791405046689,0.0,130.35020460550388,1.04,12.507007598876953,12.507007598876953,24.681460436077156,False
577,0.7247564238177134,0.7247564238177134,0.0,130.68971875885887,1.04,12.507007598876953,12.507007598876953,24.698497074096192,False
578,0.7247226434526386,0.7247226434526386,0.0,131.02919735165744,1.04,12.507007598876953,12.507007598876953,24.715533712115228,False
579,0.724689955157209,0.724689955157209,0.0,131.3686415374561,1.04,12.507007598876953,12.507007598876953,24.732570350134264,False
580,0.7246582583383088,0.7246582583383088,0.0,131.70805236355815,1.04,12.507007598876953,12.507007598876953,24.7496069881533,False
581,0.72467536821739,0.72467536821739,0.0,132.0081335815531,1.04,11.057157516479492,11.057157516479492,24.761379093616295,False
582,0.7246903713857248,0.7246903713857248,0.0,132.30822875977813,1.04,11.057157516479492,11.057157516479492,24.77315119907929,False
583,0.7247035006392757,0.7247035006392757,0.0,132.60833615517421,1.04,11.057157516479492,11.057157516479492,24.784923304542286,False
584,0.7247149558646739,0.7247149558646739,0.0,132.90845421045805,1.04,11.057157516479492,11.057157516479492,24.79669541000528,False
585,0.7247249095680925,0.7247249095680925,0.0,133.20858152869974,1.04,11.057157516479492,11.057157516479492,24.808467515468276,False
586,0.72467250820379,0.72467250820379,0.0,133.5584701542885,1.04,12.892536163330078,12.892536163330078,24.827128679469485,False
587,0.7246226673717444,0.7246226673717444,0.0,133.90830471228776,1.04,12.892536163330078,12.892536163330078,24.845789843470694,False
588,0.7245750908201425,0.7245750908201425,0.0,134.2580876676508,1.04,12.892536163330078,12.892536163330078,24.864451007471903,False
589,0.7245295201088789,0.7245295201088789,0.0,134.60782120387924,1.04,12.892536163330078,12.892536163330078,24.883112171473112,False
590,0.7244857289309918,0.7244857289309918,0.0,134.95750725808722,1.04,12.892536163330078,12.892536163330078,24.90177333547432,False
591,0.7244968714271973,0.7244968714271973,0.0,135.26342314172436,1.04,11.278388977050781,11.278388977050781,24.91426628142701,False
592,0.7245061357757152,0.7245061357757152,0.0,135.56934781269305,1.04,11.278388977050781,11.278388977050781,24.9267592273797,False
593,0.7245137214336953,0.7245137214336953,0.0,135.8752796789463,1.04,11.278388977050781,11.278388977050781,24.93925217333239,False
594,0.7245198010507821,0.7245198010507821,0.0,136.1812173120827,1.04,11.278388977050781,11.278388977050781,24.951745119285082,False
595,0.7245245246751498,0.7245245246751498,0.0,136.48715942594475,1.04,11.278388977050781,11.278388977050781,24.964238065237772,False
596,0.7245083335018553,0.7245083335018553,0.0,136.80915905408096,1.04,11.870936393737793,11.870936393737793,24.978805349289942,False
597,0.7244922285234364,0.7244922285234364,0.0,137.1311426039827,1.04,11.870936393737793,11.870936393737793,24.993372633342112,False
598,0.724476182312191,0.724476182312191,0.0,137.45311013520555,1.04,11.870936393737793,11.870936393737793,25.007939917394282,False
599,0.7244601716142283,0.7244601716142283,0.0,137.77506168408317,1.04,11.870936393737793,11.870936393737793,25.02250720144645,False
600,0.7244441765620311,0.7244441765620311,0.0,138.09699726711267,1.04,11.870936393737793,11.870936393737793,25.03707448549862,False
601,0.7244671769961967,0.7244671769961967,0.0,138.38713905765238,1.04,10.697820663452148,10.697820663452148,25.047735771509746,False
602,0.7244878225710412,0.7244878225710412,0.0,138.67729942116762,1.04,10.697820663452148,10.697820663452148,25.05839705752087,False
603,0.7245063491307482,0.7245063491307482,0.0,138.96747645249326,1.04,10.697820663452148,10.697820663452148,25.069058343531996,False
604,0.7245229634012853,0.7245229634012853,0.0,139.2576684321016,1.04,10.697820663452148,10.697820663452148,25.07971962954312,False
605,0.7245378475052108,0.7245378475052108,0.0,139.54787380404335,1.04,10.697820663452148,10.697820663452148,25.090380915554245,False
606,0.724505155472243,0.724505155472243,0.0,139.87534622087801,1.04,12.072816848754883,12.072816848754883,25.105704116307237,False
607,0.7244738367277725,0.7244738367277725,0.0,140.20278684042518,1.04,12.072816848754883,12.072816848754883,25.12102731706023,False
608,0.7244437189463433,0.7244437189463433,0.2012136141459147,140.20278684042518,1.04,12.072816848754883,0.0,25.128347453353093,True
609,0.724414654030222,0.7244291868515422,0.4024272282918294,140.20278684042518,1.04,12.072816848754883,0.0,25.13566758964596,True
610,0.7243865141707815,0.7244149633206153,0.6036408424377442,140.20278684042518,1.04,12.072816848754883,0.0,25.142987725938823,True
611,0.7244223869078905,0.7244165919404038,0.7732861200968425,140.20278684042518,1.04,10.178716659545898,0.0,25.147374774143447,True
612,0.7244552008855686,0.7244235385559912,0.9429313977559408,140.20278684042518,1.04,10.178716659545898,0.0,25.15176182234807,True
613,0.7244852723508441,0.7244329525492611,1.1125766754150392,140.20278684042518,1.04,10.178716659545898,0.0,25.156148870552695,True
614,0.7245128785509839,0.724443528476735,1.2822219530741377,140.20278684042518,1.04,10.178716659545898,0.0,25.16053591875732,True
615,0.7245382635385198,0.7244545995090668,1.451867230733236,140.20278684042518,1.04,10.178716659545898,0.0,25.164922966961942,True
616,0.7244921689024177,0.7244592295110294,1.655930312474569,140.20278684042518,1.04,12.24378490447998,0.0,25.172558518359715,True
617,0.7244484847251226,0.7244580507014414,1.859993394215902,140.20278684042518,1.04,12.24378490447998,0.0,25.700194069757487,True
618,0.724406928339517,0.7244529968861856,1.914056475957235,140.4468703219772,1.04,12.24378490447998,9.0,26.23114518966838,False
619,0.7243672553235595,0.7244447375054256,1.8181195576985678,140.93502478432157,1.04,12.24378490447998,18.0,26.785305289171106,False
620,0.7243292533316222,0.7244330858139045,1.6472909132639568,141.54501964433013,1.04,12.24378490447998,22.49350357055664,27.364701737881276,False
621,0.7242744234402172,0.7244149098228889,1.3355822404225668,142.3990347902058,1.04,12.790983200073242,31.49350357055664,28.035474532089477,False
622,0.7242220773975723,0.7243883745880565,1.0061240577697754,143.2818563071794,1.04,12.790983200073242,32.558474159240724,28.721152411449612,False
623,0.7241719443991006,0.7243505456602077,0.6766658751169841,144.16457428946967,1.04,12.790983200073242,32.558474159240724,29.406830290809747,False
624,0.7241237862086857,0.7242962365082164,0.3472076924641927,145.04714365560153,1.04,12.790983200073242,32.558474159240724,30.092508170169882,False
625,0.72407739236823,0.72407739236823,0.0,145.92948530985618,1.04,12.790983200073242,32.558474159240724,30.258186049530014,False
626,0.7240015802346926,0.7240015802346926,0.0,146.30111049967593,1.04,13.721988677978516,13.721988677978516,30.280685650956578,False
627,0.7239291806356395,0.7239291806356395,0.0,146.6726522930436,1.04,13.721988677978516,13.721988677978516,30.30318525238314,False
628,0.7238598223523821,0.7238598223523821,0.0,147.04411421268495,1.04,13.721988677978516,13.721988677978516,30.325684853809705,False
629,0.7237931778033738,0.7237931778033738,0.0,147.415499401699,1.04,13.721988677978516,13.721988677978516,30.348184455236268,False
630,0.7237289569561349,0.7237289569561349,0.0,147.7868106672174,1.04,13.721988677978516,13.721988677978516,30.37068405666283,False
631,0.7236459943851963,0.7236459943851963,0.0,148.17513630742053,1.16,14.354454040527344,14.354454040527344,30.399412251802755,False
632,0.7235663401224938,0.7235663401224938,0.0,148.56336608396848,1.16,14.354454040527344,14.354454040527344,30.428140446942677,False
633,0.7234896346676863,0.7234896346676863,0.0,148.95150357052987,1.16,14.354454040527344,14.354454040527344,30.4568686420826,False
634,0.7234155596099809,0.7234155596099809,0.0,149.3395519550036,1.16,14.354454040527344,14.354454040527344,30.485596837222523,False
635,0.723343832227025,0.723343832227025,0.0,149.72751408291597,1.16,14.354454040527344,14.354454040527344,30.514325032362446,False
636,0.7232960949876373,0.7232960949876373,0.0,150.0974030153255,1.16,13.687777519226074,13.687777519226074,30.53923350612641,False
637,0.7232488129789411,0.7232488129789411,0.0,150.46723774896708,1.16,13.687777519226074,13.687777519226074,30.564141979890376,False
638,0.7232019438077305,0.7232019438077305,0.0,150.83701876575324,1.16,13.687777519226074,13.687777519226074,30.58905045365434,False
639,0.7231554458174223,0.7231554458174223,0.0,151.20674649963487,1.16,13.687777519226074,13.687777519226074,30.613958927418306,False
640,0.7231092786522326,0.7231092786522326,0.0,151.5764213381237,1.16,13.687777519226074,13.687777519226074,30.63886740118227,False
641,0.7231122137495523,0.7231122137495523,0.0,151.90596638246544,1.16,12.201799392700195,12.201799392700195,30.656512331453182,False
642,0.7231123842699506,0.7231123842699506,0.0,152.23551160095658,1.16,12.201799392700195,12.201799392700195,30.674157261724094,False
643,0.7231100844291061,0.7231100844291061,0.0,152.56505447067028,1.16,12.201799392700195,12.201799392700195,30.691802191995006,False
644,0.7231055694859022,0.7231055694859022,0.0,152.89459272942457,1.16,12.201799392700195,12.201799392700195,30.709447122265917,False
645,0.7230990618252845,0.7230990618252845,0.0,153.22412434225,1.16,12.201799392700195,12.201799392700195,30.72709205253683,False
646,0.7231003239822227,0.7231003239822227,0.0,153.54585408757123,1.16,11.912867546081543,11.912867546081543,30.743512963413558,False
647,0.723099381033625,0.723099381033625,0.0,153.8675828927199,1.16,11.912867546081543,11.912867546081543,30.759933874290287,False
648,0.7230964457992343,0.7230964457992343,0.0,154.18930877129498,1.16,11.912867546081543,11.912867546081543,30.776354785167015,False
649,0.7230917061731014,0.7230917061731014,0.0,154.51102992429105,1.16,11.912867546081543,11.912867546081543,30.792775696043744,False
650,0.7230853286082017,0.7230853286082017,0.0,154.83274471874515,1.16,11.912867546081543,11.912867546081543,30.809196606920473,False
651,0.7231218014939208,0.7231218014939208,0.0,155.11857030724207,1.16,10.582719802856445,10.582719802856445,30.820708326380743,False
652,0.7231543038680396,0.7231543038680396,0.0,155.4044246877875,1.16,10.582719802856445,10.582719802856445,30.832220045841012,False
653,0.7231832296701798,0.7231832296701798,0.0,155.69030469479654,1.16,10.582719802856445,10.582719802856445,30.843731765301282,False
654,0.7232089267848387,0.7232089267848387,0.0,155.97620746998712,1.16,10.582719802856445,10.582719802856445,30.85524348476155,False
655,0.7232317037979245,0.7232317037979245,0.0,156.2621304277673,1.16,10.582719802856445,10.582719802856445,30.86675520422182,False
656,0.7232037824740224,0.7232037824740224,0.0,156.58654397639918,1.16,12.008391380310059,12.008391380310059,30.883574306324963,False
657,0.723176348975188,0.723176348975188,0.0,156.9109299444281,1.16,12.008391380310059,12.008391380310059,30.900393408428105,False
658,0.7231493156336595,0.7231493156336595,0.0,157.23528873669767,1.16,12.008391380310059,12.008391380310059,30.917212510531247,False
659,0.7231226112645067,0.7231226112645067,0.0,157.55962068638914,1.16,12.008391380310059,12.008391380310059,30.93403161263439,False
660,0.7230961779273104,0.7230961779273104,0.0,157.88392606836013,1.16,12.008391380310059,12.008391380310059,30.95085071473753,False
661,0.723133103446567,0.723133103446567,0.0,158.15766108694012,1.16,10.134710311889648,10.134710311889648,30.960961440315483,False
662,0.7231664688761212,0.7231664688761212,0.0,158.4314244119915,1.16,10.134710311889648,10.134710311889648,30.971072165893435,False
663,0.7231966383437392,0.7231966383437392,0.0,158.70521333492397,1.16,10.134710311889648,10.134710311889648,30.981182891471388,False
664,0.7232239327824193,0.7232239327824193,0.0,158.97902541864673,1.16,10.134710311889648,10.134710311889648,30.99129361704934,False
665,0.7232486362207846,0.7232486362207846,0.0,159.2528584664285,1.16,10.134710311889648,10.134710311889648,31.001404342627293,False
666,0.7231951953825935,0.7231951953825935,0.0,159.58683393273895,1.16,12.362661361694336,12.362661361694336,31.019756377438902,False
667,0.7231442443341173,0.7231442443341173,0.0,159.92075666726237,1.16,12.362661361694336,12.362661361694336,31.038108412250512,False
668,0.7230954907798364,0.7230954907798364,0.0,160.25462895292878,1.16,12.362661361694336,12.362661361694336,31.056460447062122,False
669,0.723048683402759,0.723048683402759,0.20604435602823892,160.25462895292878,1.16,12.362661361694336,0.0,31.06522750547491,True
670,0.7230036050496078,0.7230261450978859,0.41208871205647785,160.25462895292878,1.16,12.362661361694336,0.0,31.073994563887695,True
671,0.7230075865058414,0.7230204457851921,0.5947348117828369,160.25462895292878,1.16,10.958765983581543,0.0,31.080101212625237,True
672,0.7230100424570703,0.7230180015505471,0.777380911509196,160.25462895292878,1.16,10.958765983581543,0.0,31.08620786136278,True
673,0.7230111402440348,0.7230166961925604,0.960027011235555,160.25462895292878,1.16,10.958765983581543,0.0,31.092314510100323,True
674,0.7230110256389051,0.7230157898125711,1.1426731109619142,160.25462895292878,1.16,10.958765983581543,0.0,31.098421158837866,True
675,0.7230098261848308,0.7230149679549172,1.3253192106882732,160.25462895292878,1.16,10.958765983581543,0.0,31.10452780757541,True
676,0.7229372841573929,0.7230040331938221,1.542460632324219,160.25462895292878,1.16,13.028485298156738,0.0,31.114789045610017,True
677,0.7228682532570193,0.7229872808671329,1.7596020539601644,160.25462895292878,1.16,13.028485298156738,0.0,31.125050283644626,True
678,0.7228023437616649,0.7229669716226871,1.97674347559611,160.25462895292878,1.16,13.028485298156738,0.0,31.715311521679233,True
679,0.7227392161880816,0.7229444372899143,2.0438848972320556,160.49757375347255,1.16,13.028485298156738,9.0,32.309270893824625,False
680,0.7226785736627223,0.7229189151579078,1.961026318868001,160.9834249270675,1.16,13.028485298156738,18.0,32.92911720474553,False
681,0.7226315475275131,0.7228909499050805,1.7225418567657467,161.7121385342754,1.16,12.690932273864746,27.0,33.618450978922155,False
682,0.7225857921924673,0.7228575923027022,1.3340573946634926,162.68365624700678,1.16,12.690932273864746,36.0,34.444615715197905,False
683,0.722541184270844,0.7228143113454468,0.9418521308898925,163.66106757018164,1.16,12.690932273864746,36.223248100280756,35.275211021233424,False
684,0.7224976131405452,0.7227562579677891,0.5496468671162923,164.6383030810161,1.16,12.690932273864746,36.223248100280756,36.105806327268944,False
685,0.7224549795531086,0.7226725684734596,0.1574416033426922,165.6152852031585,1.16,12.690932273864746,36.223248100280756,36.93640163330446,False
686,0.7223649987636881,0.7223649987636881,0.0,166.2505902519543,1.16,14.121953964233398,23.56845016479493,37.01588168084667,False
687,0.72227890027341,0.72227890027341,0.0,166.63101108179563,1.16,14.121953964233398,14.121953964233398,37.0432364263726,False
688,0.7221962651363165,0.7221962651363165,0.0,167.01133452969412,1.16,14.121953964233398,14.121953964233398,37.070591171898535,False
689,0.7221167257170893,0.7221167257170893,0.0,167.39156426986284,1.16,14.121953964233398,14.121953964233398,37.09794591742447,False
690,0.7220399581321154,0.7220399581321154,0.0,167.77170359209754,1.16,14.121953964233398,14.121953964233398,37.1253006629504,False
691,0.7220340411208976,0.7220340411208976,0.0,168.09676025639257,0.75,12.075886726379395,12.075886726379395,37.13635947993313,False
692,0.7220260581194053,0.7220260581194053,0.0,168.4218088818123,0.75,12.075886726379395,12.075886726379395,37.14741829691585,False
693,0.722016253558538,0.722016253558538,0.0,168.74684763434885,0.75,12.075886726379395,12.075886726379395,37.15847711389858,False
694,0.7220048368241676,0.7220048368241676,0.0,169.07187489101236,0.75,12.075886726379395,12.075886726379395,37.1695359308813,False
695,0.7219919881206845,0.7219919881206845,0.0,169.39688921044527,0.75,12.075886726379395,12.075886726379395,37.18059474786403,False
696,0.7219371913978558,0.7219371913978558,0.0,169.75440280195116,0.75,13.285650253295898,13.285650253295898,37.195321264254225,False
697,0.7218837924930133,0.7218837924930133,0.0,170.11185725808264,0.75,13.285650253295898,13.285650253295898,37.21004778064442,False
698,0.7218316322850502,0.7218316322850502,0.0,170.46925396104703,0.75,13.285650253295898,13.285650253295898,37.22477429703462,False
699,0.7217805720384108,0.7217805720384108,0.0,170.82659413874265,0.75,13.285650253295898,13.285650253295898,37.23950081342482,False
700,0.7217304902883108,0.7217304902883108,0.0,171.18387888399596,0.75,13.285650253295898,13.285650253295898,37.254227329815016,False
701,0.7217528090332023,0.7217528090332023,0.0,171.4838461859435,0.75,11.15352725982666,11.15352725982666,37.262940742389475,False
702,0.7217715506705668,0.7217715506705668,0.0,171.78383090320673,0.75,11.15352725982666,11.15352725982666,37.27165415496393,False
703,0.7217871000873386,0.7217871000873386,0.0,172.08383007032282,0.75,11.15352725982666,11.15352725982666,37.28036756753839,False
704,0.7217997932484788,0.7217997932484788,0.0,172.38384103358428,0.75,11.15352725982666,11.15352725982666,37.28908098011285,False
705,0.7218099247239081,0.7218099247239081,0.0,172.6838614127057,0.75,11.15352725982666,11.15352725982666,37.29779439268731,False
706,0.7217804781725303,0.7217804781725303,0.0,173.01344495550677,0.75,12.253682136535645,12.253682136535645,37.3093488994269,False
707,0.7217512169881591,0.7217512169881591,0.0,173.34299862553374,0.75,12.253682136535645,12.253682136535645,37.320903406166494,False
708,0.7217221026921761,0.7217221026921761,0.0,173.67252257571573,0.75,12.253682136535645,12.253682136535645,37.33245791290609,False
709,0.7216931048572438,0.7216931048572438,0.0,174.002016927881,0.75,12.253682136535645,12.253682136535645,37.34401241964568,False
710,0.7216641993796842,0.7216641993796842,0.0,174.331481779223,0.75,12.253682136535645,12.253682136535645,37.35556692638527,False
711,0.7217000425878133,0.7217000425878133,0.0,174.60968251596435,0.75,10.3458833694458,10.3458833694458,37.36252124066803,False
712,0.7217320963462357,0.7217320963462357,0.0,174.88791087689583,0.75,10.3458833694458,10.3458833694458,37.36947555495079,False
713,0.7217607559224024,0.7217607559224024,0.0,175.16616393945105,0.75,10.3458833694458,10.3458833694458,37.37642986923355,False
714,0.7217863687789682,0.7217863687789682,0.0,175.44443907972072,0.75,10.3458833694458,10.3458833694458,37.383384183516306,False
715,0.7218092416926781,0.7218092416926781,0.0,175.72273393757177,0.75,10.3458833694458,10.3458833694458,37.390338497799064,False
716,0.721771826243115,0.721771826243115,0.0,176.04640134990024,0.75,12.03404712677002,12.03404712677002,37.40128276537728,False
717,0.7217356686159736,0.7217356686159736,0.0,176.37003251200605,0.75,12.03404712677002,12.03404712677002,37.4122270329555,False
718,0.7217006133922387,0.7217006133922387,0.0,176.69362853340053,0.75,12.03404712677002,12.03404712677002,37.42317130053372,False
719,0.7216665290163851,0.7216665290163851,0.0,177.0171903913432,0.75,12.03404712677002,12.03404712677002,37.434115568111935,False
720,0.7216333037350777,0.7216333037350777,0.0,177.34071895075886,0.75,12.03404712677002,12.03404712677002,37.44505983569015,False
721,0.7216715561695607,0.7216715561695607,0.0,177.60864704513276,0.75,9.964737892150879,9.964737892150879,37.45127352047447,False
722,0.7217062897076216,0.7217062897076216,0.0,177.8766039677084,0.75,9.964737892150879,9.964737892150879,37.45748720525879,False
723,0.7217378778100649,0.7217378778100649,0.0,178.14458711080874,0.75,9.964737892150879,9.964737892150879,37.463700890043114,False
724,0.7217666489839542,0.7217666489839542,0.0,178.41259413863722,0.75,9.964737892150879,9.964737892150879,37.469914574827435,False
725,0.7217928933139844,0.7217928933139844,0.0,178.6806229555571,0.75,9.964737892150879,9.964737892150879,37.476128259611755,False
726,0.7217847692470092,0.7217847692470092,0.0,178.97367637735857,0.75,10.895373344421387,10.895373344421387,37.48425053908025,False
727,0.7217764970976329,0.7217764970976329,0.0,179.26672228985896,0.75,10.895373344421387,10.895373344421387,37.492372818548745,False
728,0.7217680821976089,0.7217680821976089,0.0,179.5597605636902,0.75,10.895373344421387,10.895373344421387,37.50049509801724,False
729,0.7217595329887682,0.7217595329887682,0.0,179.85279107715814,0.75,10.895373344421387,10.895373344421387,37.508617377485734,False
730,0.7217508599541502,0.7217508599541502,0.0,180.14581371809473,0.75,10.895373344421387,10.895373344421387,37.51673965695423,False
731,0.7217557829173279,0.7217557829173278,0.17497089703877766,180.14581371809473,0.75,10.49825382232666,0.0,37.52021079959756,True
732,0.7217597882084975,0.7217577855697794,0.3499417940775553,180.14581371809473,0.75,10.49825382232666,0.0,37.523681942240884,True
733,0.7217629747639426,0.7217595153114129,0.524912691116333,180.14581371809473,0.75,10.49825382232666,0.0,37.52715308488421,True
734,0.7217654307374045,0.7217609941791445,0.6998835881551106,180.14581371809473,0.75,10.49825382232666,0.0,37.53062422752754,True
735,0.7217672349129075,0.7217622423365667,0.8748544851938883,180.14581371809473,0.75,10.49825382232666,0.0,37.53409537017087,True
736,0.7217369869133912,0.7217577337485032,1.0649812698364258,180.14581371809473,0.75,11.407607078552246,0.0,37.53854890565277,True
737,0.7217081271531055,0.721750219763732,1.2551080544789632,180.14581371809473,0.75,11.407607078552246,0.0,37.54300244113467,True
738,0.7216805096112222,0.7217410500474014,1.4452348391215006,180.14581371809473,0.75,11.407607078552246,0.0,37.54745597661657,True
739,0.7216540078749367,0.7217309318760472,1.635361623764038,180.14581371809473,0.75,11.407607078552246,0.0,37.55190951209847,True
740,0.7216285120843438,0.7217202664085971,1.8254884084065754,180.14581371809473,0.75,11.407607078552246,0.0,37.93136304758037,True
741,0.7215791736788626,0.7217062071545874,1.8775706132253012,180.38782828110558,0.75,12.124932289123535,9.0,38.31410168633466,False
742,0.7215322021358936,0.7216893034374025,1.7796528180440265,180.8718320633989,0.75,12.124932289123535,18.0,38.7135775699869,False
743,0.7214873566358427,0.7216687168362571,1.5317350228627522,181.5977914416007,0.75,12.124932289123535,27.0,39.158483118362184,False
744,0.7214444258784976,0.721642583838612,1.166637341181437,182.51271639353632,0.75,12.124932289123535,34.03079319000244,39.668093837209625,False
745,0.7214032238972319,0.721607256296584,0.801539659500122,183.42754123189573,0.75,12.124932289123535,34.03079319000244,40.177704556057066,False
746,0.7213534853470173,0.7215551912511589,0.5913459142049153,184.10031716688903,0.75,12.419168472290039,25.03079319000244,40.60988877775972,False
747,0.7213058017466558,0.7214905516631994,0.40844739278157544,184.72894887741438,0.75,12.419168472290039,23.39307975769043,41.03262277394054,False
748,0.7212599746169082,0.7214130229706136,0.2255488713582356,185.35742964946294,0.75,12.419168472290039,23.39307975769043,41.455356770121355,False
749,0.7212158282937148,0.7212158282937148,0.0,185.9857267894328,0.75,12.419168472290039,23.39307975769043,41.50309076630217,False
750,0.7211732065689825,0.7211732065689825,0.0,186.31913365197929,0.75,12.419168472290039,12.419168472290039,41.51511975549105,False
751,0.7211756828882816,0.7211756828882816,0.0,186.6182094163986,0.75,11.140274047851562,11.140274047851562,41.52380214374416,False
752,0.7211767425631482,0.7211767425631482,0.0,186.91728616236037,0.75,11.140274047851562,11.140274047851562,41.53248453199728,False
753,0.7211765602311239,0.7211765602311239,0.0,187.21636273943363,0.75,11.140274047851562,11.140274047851562,41.54116692025039,False
754,0.7211752857837166,0.7211752857837166,0.0,187.51543813602876,0.75,11.140274047851562,11.140274047851562,41.549849308503504,False
755,0.7211730484250365,0.7211730484250365,0.0,187.81451146024563,0.75,11.140274047851562,11.140274047851562,41.55853169675662,False
756,0.7211430336381882,0.7211430336381882,0.0,188.13462015101962,0.75,11.924935340881348,11.924935340881348,41.569180962818486,False
757,0.7211139088789783,0.7211139088789783,0.0,188.45469996905143,0.75,11.924935340881348,11.924935340881348,41.579830228880354,False
758,0.7210855827894328,0.7210855827894328,0.0,188.77475170885887,0.75,11.924935340881348,11.924935340881348,41.59047949494222,False
759,0.7210579754922074,0.7210579754922074,0.0,189.09477608556213,0.75,11.924935340881348,11.924935340881348,41.60112876100409,False
760,0.7210310169915659,0.7210310169915659,0.0,189.41477374471228,0.75,11.924935340881348,11.924935340881348,41.61177802706596,False
761,0.7210046458098801,0.7210046458098801,0.0,189.73474527076235,0.75,11.924935340881348,11.924935340881348,41.62242729312783,False
762,0.7209788078238697,0.7209788078238697,0.0,190.05469119438004,0.75,11.924935340881348,11.924935340881348,41.633076559189696,False
763,0.7209534552703337,0.7209534552703337,0.0,190.37461199877117,0.75,11.924935340881348,11.924935340881348,41.643725825251565,False
764,0.7209285458958056,0.7209285458958056,0.0,190.69450812515691,0.75,11.924935340881348,11.924935340881348,41.65437509131343,False
765,0.7209040419612889,0.7209040419612889,0.0,191.01437997726225,0.75,11.924935340881348,11.924935340881348,41.6650243573753,False
766,0.7209324364596874,0.7209324364596874,0.0,191.2931231486518,0.75,10.390729904174805,10.390729904174805,41.672069499305834,False
767,0.7209580315070572,0.7209580315070572,0.0,191.57188841531985,0.75,10.390729904174805,10.390729904174805,41.67911464123637,False
768,0.7209811313064564,0.7209811313064564,0.0,191.85067362486944,0.75,10.390729904174805,10.390729904174805,41.6861597831669,False
769,0.7210020014767439,0.7210020014767439,0.0,192.12947685373692,0.75,10.390729904174805,10.390729904174805,41.69320492509743,False
770,0.721020874775353,0.721020874775353,0.0,192.40829637892946,0.75,10.390729904174805,10.390729904174805,41.700250067027966,False
771,0.7210085533770112,0.7210085533770112,0.0,192.7099799906889,0.75,11.243231773376465,11.243231773376465,41.70917541320225,False
772,0.720996375981849,0.720996375981849,0.0,193.01165222544077,0.75,11.243231773376465,11.243231773376465,41.71810075937654,False
773,0.7209843167252324,0.7209843167252324,0.0,193.3133131940256,0.75,11.243231773376465,11.243231773376465,41.72702610555083,False
774,0.7209723548155034,0.7209723548155034,0.0,193.61496298784718,0.75,11.243231773376465,11.243231773376465,41.735951451725114,False
775,0.7209604736612251,0.7209604736612251,0.0,193.91660168279938,0.75,11.243231773376465,11.243231773376465,41.7448767978994,False
776,0.7209486601413587,0.7209486601413587,0.0,194.21822934251048,0.75,11.243231773376465,11.243231773376465,41.75380214407369,False
777,0.7209369039953497,0.7209369039953497,0.0,194.5198460210171,0.75,11.243231773376465,11.243231773376465,41.762727490247975,False
778,0.7209251973137959,0.7209251973137959,0.0,194.8214517649617,0.75,11.243231773376465,11.243231773376465,41.77165283642226,False
779,0.7209135341134719,0.7209135341134719,0.0,195.123046615393,0.75,11.243231773376465,11.243231773376465,41.78057818259655,False
780,0.7209019100856187,0.7209019100856187,0.0,195.42463060933062,0.75,11.243231773376465,11.243231773376465,41.78950352877084,False
781,0.7209029166327564,0.7209029166327564,0.0,195.71642400825192,0.75,10.878198623657227,10.878198623657227,41.79758745853857,False
782,0.7209031991216189,0.7209031991216189,0.0,196.00821766243934,0.75,10.878198623657227,10.878198623657227,41.80567138830631,False
783,0.7209028375880543,0.7209028375880543,0.0,196.30001098993333,0.75,10.878198623657227,10.878198623657227,41.813755318074044,False
784,0.7209019029615598,0.7209019029615598,0.0,196.59180347287042,0.75,10.878198623657227,10.878198623657227,41.82183924784178,False
785,0.7209004581815853,0.7209004581815853,0.0,196.8835946502658,0.75,10.878198623657227,10.878198623657227,41.829923177609516,False
786,0.7209358947940561,0.7209358947940561,0.0,197.14644605385817,0.75,9.798226356506348,9.798226356506348,41.835830545030696,False
787,0.7209687373076724,0.7209687373076724,0.0,197.4093241931691,0.75,9.798226356506348,9.798226356506348,41.841737912451876,False
788,0.7209992588389124,0.7209992588389124,0.0,197.67222718147588,0.75,9.798226356506348,9.798226356506348,41.847645279873056,False
789,0.721027699814021,0.721027699814021,0.0,197.9351533272358,0.75,9.798226356506348,9.798226356506348,41.85355264729424,False
790,0.7210542728000889,0.7210542728000889,0.0,198.19810111151452,0.75,9.798226356506348,9.798226356506348,41.85946001471542,False
791,0.7210712999643375,0.7210712999643375,0.0,198.4671298134315,0.75,10.024291038513184,10.024291038513184,41.86578577281829,False
792,0.7210872746570366,0.7210872746570366,0.0,198.73617182549307,0.75,10.024291038513184,10.024291038513184,41.87211153092117,False
793,0.7211022996996016,0.7211022996996016,0.0,199.0052263571126,0.75,10.024291038513184,10.024291038513184,41.87843728902404,False
794,0.7211164683769866,0.7211164683769866,0.0,199.27429269531663,0.75,10.024291038513184,10.024291038513184,41.88476304712692,False
795,0.7211298656523754,0.7211298656523754,0.0,199.5433701978317,0.75,10.024291038513184,10.024291038513184,41.89108880522979,False
796,0.7211548362273594,0.7211548362273594,0.0,199.80302951397863,0.75,9.672675132751465,9.672675132751465,41.896771984873986,False
797,0.7211784676798562,0.7211784676798562,0.0,200.0627078349296,0.75,9.672675132751465,9.672675132751465,41.90245516451818,False
798,0.721200899928302,0.7212008999283019,0.16121125221252441,200.0627078349296,0.75,9.672675132751465,0.0,41.90517010966854,True
799,0.7212222586076003,0.721211579463039,0.32242250442504883,200.0627078349296,0.75,9.672675132751465,0.0,41.9078850548189,True
800,0.7212426569896417,0.7212219390057184,0.48363375663757324,200.0627078349296,0.75,9.672675132751465,0.0,41.91059999996926,True
801,0.7212872125836756,0.7212373372369375,0.6329314231872558,200.0627078349296,0.75,8.957859992980957,0.0,41.91275642351784,True
802,0.7213295661731304,0.7212549424668818,0.7822290897369384,200.0627078349296,0.75,8.957859992980957,0.0,41.914912847066425,True
803,0.7213699502298918,0.7212733780381093,0.931526756286621,200.0627078349296,0.75,8.957859992980957,0.0,41.91706927061501,True
804,0.7214085719486854,0.72129205652018,1.0808244228363035,200.0627078349296,0.75,8.957859992980957,0.0,41.91922569416359,True
805,0.7214456164857412,0.7213106981151313,1.230122089385986,200.0627078349296,0.75,8.957859992980957,0.0,41.92138211771218,True
806,0.7214692578729976,0.7213284437422112,1.385102033615112,200.0627078349296,0.75,9.298796653747559,0.0,41.92379425213662,True
807,0.7214923277978647,0.7213449397136829,1.540081977844238,200.0627078349296,0.75,9.298796653747559,0.0,42.301206386561056,True
808,0.7215148892700523,0.7213604823512428,1.5450619220733641,200.30446337130755,0.75,9.298796653747559,9.0,42.68100955597092,False
809,0.7215370007459895,0.7213765786149821,1.40004186630249,200.78799854999616,0.75,9.298796653747559,18.0,43.07754997027874,False
810,0.7215587162712563,0.7213947363065267,1.15689959526062,201.42972162776965,0.75,9.298796653747559,23.887332916259766,43.499667649262555,False
811,0.7215253281672187,0.7214123987728129,0.925519676208496,202.09430445303784,0.75,10.854109764099121,24.736904907226563,43.92815104068738,False
812,0.7214949336274297,0.7214258949586901,0.694139757156372,202.75891505995338,0.75,10.854109764099121,24.736904907226563,44.35663443211221,False
813,0.7214672269375677,0.7214344402098336,0.4627598381042479,203.4235432577728,0.75,10.854109764099121,24.736904907226563,44.785117823537036,False
814,0.7214419416162289,0.721436548507923,0.23137991905212385,204.08817579572738,0.75,10.854109764099121,24.736904907226563,45.21360121496186,False
815,0.7214188443626517,0.7214188443626517,0.0,204.75279234239324,0.75,10.854109764099121,24.736904907226553,45.26708460638669,False
816,0.7213832730054401,0.7213832730054401,0.0,205.05548773697765,0.75,11.267854690551758,11.267854690551758,45.27606872117274,False
817,0.7213503980757112,0.7213503980757112,0.0,205.35815231175556,0.75,11.267854690551758,11.267854690551758,45.285052835958794,False
818,0.7213199628361915,0.7213199628361915,0.0,205.66078835699446,0.75,11.267854690551758,11.267854690551758,45.29403695074485,False
819,0.7212917400648601,0.7212917400648601,0.0,205.96339794928386,0.75,11.267854690551758,11.267854690551758,45.3030210655309,False
820,0.721265527939956,0.721265527939956,0.0,206.26598297547247,0.75,11.267854690551758,11.267854690551758,45.31200518031695,False
821,0.7211939876701985,0.7211939876701985,0.0,206.60497896684907,0.75,12.626546859741211,12.626546859741211,45.32464687692672,False
822,0.7211271109900929,0.7211271109900929,0.0,206.9439047518403,0.75,12.626546859741211,12.626546859741211,45.33728857353649,False
823,0.7210644266203445,0.7210644266203445,0.0,207.2827647460667,0.75,12.626546859741211,12.626546859741211,45.34993027014626,False
824,0.7210055187244747,0.7210055187244747,0.0,207.62156292600463,0.75,12.626546859741211,12.626546859741211,45.36257196675603,False
825,0.7209500190674766,0.7209500190674766,0.0,207.96030287944058,0.75,12.626546859741211,12.626546859741211,45.3752136633658,False
826,0.7209481814083071,0.7209481814083071,0.0,208.259514338347,0.75,11.153183937072754,11.153183937072754,45.38392627132823,False
827,0.7209459850971193,0.7209459850971193,0.0,208.5587237621196,0.75,11.153183937072754,11.153183937072754,45.39263887929066,False
828,0.7209435091355645,0.7209435091355645,0.0,208.85793089164864,0.75,11.153183937072754,11.153183937072754,45.40135148725309,False
829,0.7209408171254762,0.7209408171254762,0.0,209.15713552676402,0.75,11.153183937072754,11.153183937072754,45.41006409521552,False
830,0.7209379603528493,0.7209379603528493,0.0,209.45633751482208,0.75,11.153183937072754,11.153183937072754,45.41877670317795,False
831,0.7209421752337913,0.7209421752337913,0.0,209.74992550795187,0.75,10.943771362304688,10.943771362304688,45.42700770338172,False
832,0.7209458663574781,0.7209458663574781,0.0,210.04351685707658,0.75,10.943771362304688,10.943771362304688,45.43523870358549,False
833,0.7209491070694215,0.7209491070694215,0.0,210.33711115271367,0.75,10.943771362304688,10.943771362304688,45.44346970378926,False
834,0.720951960033936,0.720951960033936,0.0,210.6307080423434,0.75,10.943771362304688,10.943771362304688,45.45170070399303,False
835,0.720954478890413,0.720954478890413,0.0,210.92430722220672,0.75,10.943771362304688,10.943771362304688,45.459931704196805,False
836,0.7209674566973395,0.7209674566973395,0.0,211.20953683653156,0.75,10.631372451782227,10.631372451782227,45.467477752458215,False
837,0.7209795426699633,0.7209795426699633,0.0,211.4947771269016,0.75,10.631372451782227,10.631372451782227,45.475023800719626,False
838,0.7209908388045556,0.7209908388045556,0.0,211.78002739601882,0.75,10.631372451782227,10.631372451782227,45.482569848981036,False
839,0.7210014340862312,0.7210014340862312,0.0,212.06528702511613,0.75,10.631372451782227,10.631372451782227,45.49011589724245,False
840,0.7210114062875853,0.7210114062875853,0.0,212.35055546406787,0.75,10.631372451782227,10.631372451782227,45.49766194550386,False
841,0.7210385352078168,0.7210385352078168,0.0,212.62206105259705,0.75,10.117609024047852,10.117609024047852,45.504166016266595,False
842,0.7210641224443739,0.7210641224443739,0.0,212.89358815686882,0.75,10.117609024047852,10.117609024047852,45.51067008702933,False
843,0.7210883301817971,0.7210883301817971,0.0,213.16513561862632,0.75,10.117609024047852,10.117609024047852,45.51717415779207,False
844,0.7211113009404592,0.7211113009404592,0.0,213.4367023991915,0.75,10.117609024047852,10.117609024047852,45.52367822855481,False
845,0.7211331606124278,0.7211331606124278,0.0,213.70828756553072,0.75,10.117609024047852,10.117609024047852,45.530182299317545,False
846,0.7211147249802132,0.7211147249802132,0.0,214.01033883521984,0.75,11.253232955932617,11.253232955932617,45.53913148475213,False
847,0.721097758233966,0.721097758233966,0.0,214.31237423360872,0.75,11.253232955932617,11.253232955932617,45.54808067018672,False
848,0.7210820983145135,0.7210820983145135,0.0,214.61439498396717,0.75,11.253232955932617,11.253232955932617,45.55702985562131,False
849,0.7210676052278076,0.7210676052278076,0.0,214.9164021784304,0.75,11.253232955932617,11.253232955932617,45.5659790410559,False
850,0.7210541575258959,0.7210541575258959,0.0,215.21839679538465,0.75,11.253232955932617,11.253232955932617,45.574928226490485,False
851,0.7210651875499872,0.7210651875499872,0.0,215.502080013548,0.75,10.570533752441406,10.570533752441406,45.58234546647433,False
852,0.721075641654374,0.721075641654374,0.0,215.78577241645763,0.75,10.570533752441406,10.570533752441406,45.589762706458174,False
853,0.7210855895962162,0.7210855895962162,0.0,216.0694735597152,0.75,10.570533752441406,10.570533752441406,45.59717994644202,False
854,0.7210950920446747,0.7210950920446747,0.0,216.35318305218405,0.75,10.570533752441406,10.570533752441406,45.60459718642586,False
855,0.7211042018026677,0.7211042018026677,0.0,216.63690054908625,0.75,10.570533752441406,10.570533752441406,45.61201442640971,False
856,0.7211439820716706,0.7211439820716706,0.0,216.89653237173468,0.75,9.671976089477539,9.671976089477539,45.61769637397446,False
857,0.7211816364489628,0.7211816364489628,0.0,217.15619447406817,0.75,9.671976089477539,9.671976089477539,45.623378321539214,False
858,0.7212173895788716,0.7212173895788716,0.0,217.41588533081304,0.75,9.671976089477539,9.671976089477539,45.62906026910397,False
859,0.7212514385965046,0.7212514385965046,0.0,217.675603574709,0.75,9.671976089477539,9.671976089477539,45.63474221666872,False
860,0.7212839571595594,0.7212839571595594,0.0,217.9353479777215,0.75,9.671976089477539,9.671976089477539,45.64042416423347,False
861,0.7212946854588852,0.7212946854588852,0.0,218.2109034069434,0.75,10.260382652282715,10.260382652282715,45.647207483404046,False
862,0.7213053744212663,0.7213053744212663,0.0,218.48646795887095,0.75,10.260382652282715,10.260382652282715,45.65399080257462,False
863,0.7213160199015336,0.7213160199015336,0.0,218.76204159672514,0.75,10.260382652282715,10.260382652282715,45.66077412174519,False
864,0.721326620177223,0.721326620177223,0.0,219.03762428225266,0.75,10.260382652282715,10.260382652282715,45.667557440915765,False
865,0.7213371756458857,0.7213371756458857,0.0,219.31321597753544,0.75,10.260382652282715,10.260382652282715,45.67434076008634,False
866,0.7212997749159373,0.7212997749159373,0.0,219.62587131391751,0.75,11.641624450683594,11.641624450683594,45.684248904650026,False
867,0.7212652725584662,0.7212652725584662,0.0,219.93849324149787,0.75,11.641624450683594,11.641624450683594,45.694157049213715,False
868,0.7212333589682851,0.7212333589682851,0.0,220.25108427050347,0.75,11.641624450683594,11.641624450683594,45.7040651937774,False
869,0.7212037646095427,0.7212037646095426,0.1940270741780599,220.25108427050347,0.75,11.641624450683594,0.0,45.70879847175142,True
870,0.7211762536297022,0.7211900094432743,0.3880541483561198,220.25108427050347,0.75,11.641624450683594,0.0,45.71353174972544,True
871,0.7212148943674284,0.7211973680969839,0.5509772618611654,220.25108427050347,0.75,9.775386810302734,0.0,45.71633410445642,True
872,0.7212513737664731,0.7212096939053014,0.713900375366211,220.25108427050347,0.75,9.775386810302734,0.0,45.7191364591874,True
873,0.7212859358688731,0.7212238619760234,0.8768234888712565,220.25108427050347,0.75,9.775386810302734,0.0,45.721938813918385,True
874,0.7213187924267506,0.7212387391421248,1.039746602376302,220.25108427050347,0.75,9.775386810302734,0.0,45.724741168649366,True
875,0.7213501278441183,0.7212538312193246,1.2026697158813475,220.25108427050347,0.75,9.775386810302734,0.0,45.72754352338035,True
876,0.7213287844656571,0.7212639478287483,1.3903009732564289,220.25108427050347,0.75,11.257875442504883,0.0,45.73182398465783,True
877,0.7213093070731867,0.7212693418462026,1.5779322306315102,220.25108427050347,0.75,11.257875442504883,0.0,45.73610444593531,True
878,0.7212914936725701,0.7212716960610688,1.7655634880065916,220.25108427050347,0.75,11.257875442504883,0.0,46.11538490721279,True
879,0.7212751679761178,0.7212720295881199,1.803194745381673,220.49277358483684,0.75,11.257875442504883,9.0,46.497056403475696,False
880,0.7212601757286184,0.7212709124067548,1.6908260027567543,220.97615054095667,0.75,11.257875442504883,18.0,46.89546514463656,False
881,0.721182641084258,0.7212608138180112,1.459284973144531,221.70119329747658,0.75,13.107538223266602,27.0,47.34177901165436,False
882,0.7211102504589886,0.7212412133603333,1.12111977259318,222.59797512970488,0.75,13.107538223266602,33.39745025634765,47.84571443234484,False
883,0.7210424523948242,0.7212088085737065,0.7829545720418292,223.49466696337268,0.75,13.107538223266602,33.39745025634765,48.349649853035324,False
884,0.7209787638276471,0.721158639608259,0.44478937149047826,224.39121948129602,0.75,13.107538223266602,33.39745025634765,48.853585273725805,False
885,0.7209187599554459,0.7210796504219393,0.10662417093912746,225.2875527001669,0.75,13.107538223266602,33.39745025634765,49.35752069441629,False
886,0.7209158587681891,0.7209158587681891,0.0,225.7684813898247,0.75,11.527838706970215,17.925288963317865,49.38100761956189,False
887,0.7209125553526325,0.7209125553526325,0.0,226.07770976139352,0.75,11.527838706970215,11.527838706970215,49.390628066598715,False
888,0.7209089220805894,0.7209089220805894,0.0,226.3869346536608,0.75,11.527838706970215,11.527838706970215,49.40024851363554,False
889,0.7209050172015224,0.7209050172015224,0.0,226.69615580657788,0.75,11.527838706970215,11.527838706970215,49.40986896067236,False
890,0.7209008875043019,0.7209008875043019,0.0,227.005373004911,0.75,11.527838706970215,11.527838706970215,49.419489407709186,False
891,0.7208792430336075,0.7208792430336075,0.0,227.328202851287,0.75,12.036134719848633,12.036134719848633,49.43043937190981,False
892,0.7208585095645281,0.7208585095645281,0.0,227.6510119703451,0.75,12.036134719848633,12.036134719848633,49.44138933611044,False
893,0.7208385958920257,0.7208385958920257,0.0,227.97380118302203,0.75,12.036134719848633,12.036134719848633,49.45233930031107,False
894,0.7208194202257346,0.7208194202257346,0.0,228.2965712283346,0.75,12.036134719848633,12.036134719848633,49.463289264511694,False
895,0.7208009091135704,0.7208009091135704,0.0,228.61932277174125,0.75,12.036134719848633,12.036134719848633,49.47423922871232,False
896,0.7207933584136076,0.7207933584136076,0.0,228.93390045781825,0.75,11.731587409973145,11.731587409973145,49.48437885436197,False
897,0.7207857075990958,0.7207857075990958,0.0,229.24847069090183,0.75,11.731587409973145,11.731587409973145,49.49451848001162,False
898,0.7207779719602865,0.7207779719602865,0.0,229.56303338855912,0.75,11.731587409973145,11.731587409973145,49.50465810566127,False
899,0.7207701634142786,0.7207701634142786,0.0,229.877588479972,0.75,11.731587409973145,11.731587409973145,49.51479773131092,False
900,0.7207622912877979,0.7207622912877979,0.0,230.19213590341272,0.75,11.731587409973145,11.731587409973145,49.52493735696057,False
901,0.7207790884558265,0.7207790884558265,0.0,230.48722354752798,0.75,11.005228996276855,11.005228996276855,49.53330780741686,False
902,0.7207943411666304,0.7207943411666304,0.0,230.78232512989226,0.75,11.005228996276855,11.005228996276855,49.54167825787315,False
903,0.7208082132594864,0.7208082132594864,0.0,231.07743938949886,0.75,11.005228996276855,11.005228996276855,49.55004870832944,False
904,0.7208208480544201,0.7208208480544201,0.0,231.37256519614573,0.75,11.005228996276855,11.005228996276855,49.55841915878573,False
905,0.7208323711379928,0.7208323711379928,0.0,231.66770153426583,0.75,11.005228996276855,11.005228996276855,49.56678960924202,False
906,0.7208556234582479,0.7208556234582479,0.0,231.95286852328647,0.75,10.632719993591309,10.632719993591309,49.574338527284695,False
907,0.7208772142313058,0.7208772142313058,0.0,232.2380545797746,0.75,10.632719993591309,10.632719993591309,49.58188744532737,False
908,0.7208973087550665,0.7208973087550665,0.0,232.52325838361173,0.75,10.632719993591309,10.632719993591309,49.58943636337004,False
909,0.7209160525288116,0.7209160525288116,0.0,232.80847874292374,0.75,10.632719993591309,10.632719993591309,49.596985281412714,False
910,0.7209335740591039,0.7209335740591039,0.0,233.09371457912127,0.75,10.632719993591309,10.632719993591309,49.60453419945539,False
911,0.720931855314022,0.720931855314022,0.0,233.3931213079034,0.75,11.161026954650879,11.161026954650879,49.61326520069498,False
912,0.7209302187850949,0.7209302187850949,0.0,233.69252651927098,0.75,11.161026954650879,11.161026954650879,49.62199620193458,False
913,0.7209286391236327,0.7209286391236327,0.0,233.99193026596043,0.75,11.161026954650879,11.161026954650879,49.630727203174175,False
914,0.7209270957412303,0.7209270957412303,0.0,234.29133258161772,0.75,11.161026954650879,11.161026954650879,49.63945820441377,False
915,0.7209255721082818,0.7209255721082818,0.0,234.59073348456204,0.75,11.161026954650879,11.161026954650879,49.64818920565337,False
916,0.7208735820602972,0.7208735820602972,0.0,234.92952906104614,0.75,12.631609916687012,12.631609916687012,49.6608461157572,False
917,0.7208247436501971,0.7208247436501971,0.0,235.26827340155052,0.75,12.631609916687012,12.631609916687012,49.67350302586104,False
918,0.7207787059092448,0.7207787059092448,0.0,235.60696945206703,0.75,12.631609916687012,12.631609916687012,49.686159935964874,False
919,0.7207351629525575,0.7207351629525575,0.0,235.94561983642217,0.75,12.631609916687012,12.631609916687012,49.69881684606871,False
920,0.7206938469468803,0.7206938469468803,0.0,236.2842268964398,0.75,12.631609916687012,12.631609916687012,49.711473756172545,False
921,0.7207238729158505,0.7207238729158505,0.0,236.56830389947368,0.75,10.59640121459961,10.59640121459961,49.718945582352596,False
922,0.720751453643615,0.720751453643615,0.0,236.85240516600436,0.75,10.59640121459961,10.59640121459961,49.72641740853265,False
923,0.7207768571566012,0.7207768571566012,0.0,237.13652878270233,0.75,10.59640121459961,10.59640121459961,49.7338892347127,False
924,0.7208003156380884,0.7208003156380884,0.0,237.42067304004073,0.75,10.59640121459961,10.59640121459961,49.74136106089275,False
925,0.72082203105589,0.72082203105589,0.0,237.70483640580878,0.75,10.59640121459961,10.59640121459961,49.7488328870728,False
926,0.7207595121968959,0.7207595121968959,0.0,238.0535833373315,0.75,13.00722885131836,13.00722885131836,49.76265281960967,False
927,0.7207007164380352,0.7207007164380352,0.0,238.40226677833905,0.75,13.00722885131836,13.00722885131836,49.77647275214654,False
928,0.7206452230504484,0.7206452230504484,0.0,238.7508903065962,0.75,13.00722885131836,13.00722885131836,49.79029268468341,False
929,0.7205926652632646,0.7205926652632646,0.0,239.09945710196442,0.75,13.00722885131836,13.00722885131836,49.80411261722028,False
930,0.7205427220779824,0.7205427220779824,0.0,239.44796999618677,0.75,13.00722885131836,13.00722885131836,49.817932549757145,False
931,0.7205478795939445,0.7205478795939445,0.0,239.75491260112932,0.75,11.45555591583252,11.45555591583252,49.827373160420485,False
932,0.7205518390254027,0.7205518390254027,0.0,240.06185896929102,0.75,11.45555591583252,11.45555591583252,49.836813771083825,False
933,0.720554736260898,0.720554736260898,0.190925931930542,240.06185896929102,0.75,11.45555591583252,0.0,49.84132370069041,True
934,0.7205566873217013,0.7205557117929259,0.381851863861084,240.06185896929102,0.75,11.45555591583252,0.0,49.845833630296994,True
935,0.7205577916887504,0.7205564050931765,0.572777795791626,240.06185896929102,0.75,11.45555591583252,0.0,49.85034355990358,True
936,0.7205073141575614,0.7205429740856516,0.7885277589162192,240.06185896929102,0.75,12.944997787475586,0.0,49.85685125499262,True
937,0.7204593232282034,0.720525005306807,1.0042777220408123,240.06185896929102,0.75,12.944997787475586,0.0,49.86335895008166,True
938,0.7204135377169664,0.720505296443573,1.2200276851654055,240.06185896929102,0.75,12.944997787475586,0.0,49.8698666451707,True
939,0.7203697116244345,0.7204849265326199,1.4357776482899987,240.06185896929102,0.75,12.944997787475586,0.0,49.876374340259744,True
940,0.7203276289283738,0.7204643825070219,1.6515276114145918,240.06185896929102,0.75,12.944997787475586,0.0,49.882882035348786,True
941,0.7203225499065011,0.7204491785584767,1.8498699665069585,240.06185896929102,0.75,11.900541305541992,0.0,49.88793820226867,True
942,0.7203166460556142,0.7204363471570308,2.048212321599325,240.06185896929102,0.75,11.900541305541992,0.0,50.26799436918856,True
943,0.7203100082720911,0.7204251952262781,2.0965546766916914,240.3029152960087,0.75,11.900541305541992,9.0,50.650441571093864,False
944,0.720302713772473,0.7204146114759284,1.9948970317840578,240.78501215043843,0.75,11.900541305541992,18.0,51.049626017897126,False
945,0.720294828518036,0.7204037810972557,1.8322280089060468,241.36513419516066,0.75,11.900541305541992,21.660682678222656,51.46301521709068,False
946,0.7202169724795405,0.7203827635647788,1.5535644690195722,242.18624314685786,0.75,13.94087028503418,30.660682678222656,51.94068079784571,False
947,0.7201430601787568,0.7203515891711371,1.1871188672383628,243.14831017377685,0.75,13.94087028503418,35.92760639190674,52.47591385041663,False
948,0.7200726448504663,0.7203059478788544,0.8206732654571535,244.1102412539969,0.75,13.94087028503418,35.92760639190674,53.011146902987555,False
949,0.7200053363824191,0.7202396448445565,0.454227663675944,245.07197488241317,0.75,13.94087028503418,35.92760639190674,53.54637995555848,False
950,0.7199407926572986,0.720138542748772,0.0877820618947347,246.033407512763,0.75,13.94087028503418,35.92760639190674,54.0816130081294,False
951,0.7199310596201981,0.7199310596201981,0.0,246.5056967307204,0.75,12.389925003051758,17.656848716735837,54.105373969960496,False
952,0.7199202075267913,0.7199202075267913,0.0,246.83703048938924,0.75,12.389925003051758,12.389925003051758,54.11731818494407,False
953,0.719908364753891,0.719908364753891,0.0,247.168352100476,0.75,12.389925003051758,12.389925003051758,54.12926239992764,False
954,0.7198956395082521,0.7198956395082521,0.0,247.4996606593422,0.75,12.389925003051758,12.389925003051758,54.14120661491121,False
955,0.7198821234920458,0.7198821234920458,0.0,247.8309553555193,0.75,12.389925003051758,12.389925003051758,54.153150829894784,False
956,0.7198330842981558,0.7198330842981558,0.0,248.18967564241703,0.75,13.417637825012207,13.417637825012207,54.16832062706349,False
957,0.7197855923772414,0.7197855923772414,0.0,248.5483431932166,0.75,13.417637825012207,13.417637825012207,54.18349042423219,False
958,0.7197394648167883,0.7197394648167883,0.0,248.90695953111668,0.75,13.417637825012207,13.417637825012207,54.19866022140089,False
959,0.7196945414738046,0.7196945414738046,0.0,249.2655260008419,0.75,13.417637825012207,13.417637825012207,54.213830018569595,False
960,0.7196506817896917,0.7196506817896917,0.0,249.62404379050537,0.75,13.417637825012207,13.417637825012207,54.2289998157383,False
961,0.719636814012275,0.719636814012275,0.0,249.95956971186953,1.04,12.557699203491211,12.557699203491211,54.246244445841455,False
962,0.7196219538406334,0.7196219538406334,0.0,250.29508019920152,1.04,12.557699203491211,12.557699203491211,54.26348907594461,False
963,0.719606204576503,0.719606204576503,0.0,250.63057432992858,1.04,12.557699203491211,12.557699203491211,54.28073370604777,False
964,0.719589655365571,0.719589655365571,0.0,250.9660512742024,1.04,12.557699203491211,12.557699203491211,54.297978336150926,False
965,0.7195723833566522,0.7195723833566522,0.0,251.30151028242787,1.04,12.557699203491211,12.557699203491211,54.31522296625408,False
966,0.7195750696436221,0.7195750696436221,0.0,251.62072586419816,1.04,11.94953727722168,11.94953727722168,54.330081533017555,False
967,0.7195758974103684,0.7195758974103684,0.0,251.9399422639146,1.04,11.94953727722168,11.94953727722168,54.34494009978103,False
968,0.7195750536005682,0.7195750536005682,0.0,252.2591578298322,1.04,11.94953727722168,11.94953727722168,54.3597986665445,False
969,0.7195727019309712,0.7195727019309712,0.0,252.57837107199313,1.04,11.94953727722168,11.94953727722168,54.37465723330797,False
970,0.7195689862351191,0.7195689862351191,0.0,252.89758064259934,1.04,11.94953727722168,11.94953727722168,54.38951580007144,False
971,0.7195755910445646,0.7195755910445646,0.0,253.20773680954497,1.04,11.610387802124023,11.610387802124023,54.403144795089375,False
972,0.7195803720377765,0.7195803720377765,0.0,253.51789756671786,1.04,11.610387802124023,11.610387802124023,54.41677379010731,False
973,0.7195835034454587,0.7195835034454587,0.0,253.82806133039304,1.04,11.610387802124023,11.610387802124023,54.43040278512524,False
974,0.7195851392680233,0.7195851392680233,0.0,254.13822666465396,1.04,11.610387802124023,11.610387802124023,54.44403178014317,False
975,0.7195854162290561,0.7195854162290561,0.0,254.44839226483154,1.04,11.610387802124023,11.610387802124023,54.4576607751611,False
976,0.71952908796947,0.71952908796947,0.0,254.80166899771416,1.04,13.22646713256836,13.22646713256836,54.477809855384066,False
977,0.7194750910626648,0.7194750910626648,0.0,255.15488668743063,1.04,13.22646713256836,13.22646713256836,54.49795893560703,False
978,0.7194231455745234,0.7194231455745234,0.0,255.5080475873762,1.04,13.22646713256836,13.22646713256836,54.518108015829995,False
979,0.719373009529549,0.719373009529549,0.0,255.86115368527845,1.04,13.22646713256836,13.22646713256836,54.53825709605296,False
980,0.7193244730844653,0.7193244730844653,0.0,256.2142067385327,1.04,13.22646713256836,13.22646713256836,54.55840617627592,False
981,0.7193327846991208,0.7193327846991208,0.0,256.5238858293939,1.04,11.601244926452637,11.601244926452637,54.572002999214206,False
982,0.7193389279304311,0.7193389279304311,0.0,256.83357080885617,1.04,11.601244926452637,11.601244926452637,54.58559982215249,False
983,0.7193431346056884,0.7193431346056884,0.0,257.14325982070267,1.04,11.601244926452637,11.601244926452637,54.59919664509077,False
984,0.719345607070959,0.719345607070959,0.0,257.45295120260226,1.04,11.601244926452637,11.601244926452637,54.612793468029054,False
985,0.7193465226903911,0.7193465226903911,0.0,257.7626434622004,1.04,11.601244926452637,11.601244926452637,54.626390290967336,False
986,0.7193288747648882,0.7193288747648882,0.0,258.08567046297753,1.04,12.101432800292969,12.101432800292969,54.641822711002604,False
987,0.7193110106706792,0.7193110106706792,0.0,258.4086796027908,1.04,12.101432800292969,12.101432800292969,54.65725513103787,False
988,0.7192929403421183,0.7192929403421183,0.0,258.73167067654896,1.04,12.101432800292969,12.101432800292969,54.67268755107314,False
989,0.7192746743457561,0.7192746743457561,0.0,259.05464348976176,1.04,12.101432800292969,12.101432800292969,54.68811997110841,False
990,0.7192562235746256,0.7192562235746256,0.0,259.3775978588642,1.04,12.101432800292969,12.101432800292969,54.703552391143674,False
991,0.7192375990133069,0.7192375990133069,0.0,259.7005336113056,1.04,12.101432800292969,12.101432800292969,54.71898481117894,False
992,0.7192188115597968,0.7192188115597968,0.0,260.02345058546064,1.04,12.101432800292969,12.101432800292969,54.73441723121421,False
993,0.7191998718928094,0.7191998718928093,0.20169054667154948,260.02345058546064,1.04,12.101432800292969,0.0,54.74178954329234,True
994,0.7191807903752436,0.7191903312891967,0.40338109334309896,260.02345058546064,1.04,12.101432800292969,0.0,54.749161855370474,True
995,0.7191615768732842,0.7191807467970951,0.6050716400146484,260.02345058546064,1.04,12.101432800292969,0.0,54.756534167448606,True
996,0.7191604019182621,0.7191758289741099,0.7979625225067138,260.02345058546064,1.04,11.573452949523926,0.0,54.76298301605995,True
997,0.7191580049790786,0.719172359235811,0.9908534049987793,260.02345058546064,1.04,11.573452949523926,0.0,54.76943186467129,True
998,0.7191545129606214,0.719169451263074,1.1837442874908448,260.02345058546064,1.04,11.573452949523926,0.0,54.77588071328263,True
999,0.7191500372994716,0.7191667311015574,1.3766351699829102,260.02345058546064,1.04,11.573452949523926,0.0,54.782329561893974,True
1000,0.7191446764893109,0.719164020733456,1.5695260524749757,260.02345058546064,1.04,11.573452949523926,0.0,54.788778410505316,True
1001,0.7190648605867269,0.7191514234804055,1.7979733467102053,260.02345058546064,1.04,13.70683765411377,0.0,54.799491263304446,True
1002,0.7189889893833206,0.7191331160691131,2.026420640945435,260.02345058546064,1.04,13.70683765411377,0.0,55.33020411610358,True
1003,0.718916620486344,0.7191111895372326,2.1048679351806645,260.2635283430572,1.04,13.70683765411377,9.0,55.86423253741583,False
1004,0.7188473695602092,0.7190853702559761,2.0333152294158943,260.7436454896875,1.04,13.70683765411377,18.0,56.421469938319916,False
1005,0.718780901168263,0.7190546319688645,1.8918360392252613,261.33561599681417,1.04,13.70683765411377,22.195589065551758,57.00191417047711,False
1006,0.7187843365388183,0.7190293105930514,1.5675464312235523,262.1675570389855,1.04,11.738212585449219,31.195589065551758,57.666715785894674,False
1007,0.7187857871417388,0.7190023000177833,1.1891792233785,263.0859515648646,1.04,11.738212585449219,34.44024505615236,58.379236918536755,False
1008,0.7187854832479856,0.7189716794166737,0.8108120155334476,264.0042590597222,1.04,11.738212585449219,34.44024505615236,59.091758051178836,False
1009,0.7187836232212901,0.7189351338639635,0.43244480768839544,264.92246269532615,1.04,11.738212585449219,34.44024505615236,59.80427918382092,False
1010,0.7187803787353976,0.7188869389954753,0.05407759984334315,265.84052938511854,1.04,11.738212585449219,34.44024505615236,60.516800316463,False
1011,0.7186840323410926,0.7186840323410926,0.0,266.3107931798196,1.04,14.405807495117188,17.650463485717776,60.55424618852349,False
1012,0.7185924556193701,0.7185924556193701,0.0,266.6944560891012,1.04,14.405807495117188,14.405807495117188,60.580279923284785,False
1013,0.7185051126059071,0.7185051126059071,0.0,267.0780153144296,1.04,14.405807495117188,14.405807495117188,60.606313658046076,False
1014,0.718421536360818,0.718421536360818,0.0,267.46147535616404,1.04,14.405807495117188,14.405807495117188,60.63234739280737,False
1015,0.7183413183528874,0.7183413183528874,0.0,267.84484022621433,1.04,14.405807495117188,14.405807495117188,60.65838112756866,False
1016,0.7183429704746406,0.7183429704746406,0.0,268.1666628033991,1.04,12.093153953552246,12.093153953552246,60.67378189632993,False
1017,0.7183423228245136,0.7183423228245136,0.0,268.4884847356414,1.04,12.093153953552246,12.093153953552246,60.689182665091195,False
1018,0.7183396423282419,0.7183396423282419,0.0,268.8103039986091,1.04,12.093153953552246,12.093153953552246,60.70458343385246,False
1019,0.7183351581983076,0.7183351581983076,0.0,269.13211879627363,1.04,12.093153953552246,12.093153953552246,60.71998420261373,False
1020,0.7183290681179861,0.7183290681179861,0.0,269.4539275295365,1.04,12.093153953552246,12.093153953552246,60.735384971375,False
1021,0.7182933424545884,0.7182933424545884,0.0,269.7975617468988,1.04,12.914754867553711,12.914754867553711,60.75414278242389,False
1022,0.7182580783584087,0.7182580783584087,0.0,270.14115847033696,1.04,12.914754867553711,12.914754867553711,60.772900593472784,False
1023,0.7182232162611829,0.7182232162611829,0.0,270.48471813169306,1.04,12.914754867553711,12.914754867553711,60.79165840452168,False
1024,0.7181887045077441,0.7181887045077441,0.0,270.8282411077509,1.04,12.914754867553711,12.914754867553711,60.81041621557057,False
1025,0.7181544982243443,0.7181544982243443,0.0,271.1717277274709,1.04,12.914754867553711,12.914754867553711,60.82917402661946,False
1026,0.7181398275788036,0.7181398275788036,0.0,271.5002684549729,1.04,12.353364944458008,12.353364944458008,60.84559048498498,False
1027,0.7181241919512468,0.7181241919512468,0.0,271.82879328858706,1.04,12.353364944458008,12.353364944458008,60.8620069433505,False
1028,0.7181076919203729,0.7181076919203729,0.0,272.1573013505495,1.04,12.353364944458008,12.353364944458008,60.87842340171602,False
1029,0.7180904154485834,0.7180904154485834,0.0,272.4857918526469,1.04,12.353364944458008,12.353364944458008,60.89483986008154,False
1030,0.7180724397863146,0.7180724397863146,0.0,272.8142640853155,1.04,12.353364944458008,12.353364944458008,60.91125631844706,False
1031,0.7180781430886661,0.7180781430886661,0.0,273.12397038645275,1.04,11.64739990234375,11.64739990234375,60.925016070727054,False
1032,0.7180817975882983,0.7180817975882983,0.0,273.4336801895369,1.04,11.64739990234375,11.64739990234375,60.93877582300705,False
1033,0.7180836155706096,0.7180836155706096,0.0,273.7433917347301,1.04,11.64739990234375,11.64739990234375,60.952535575287044,False
1034,0.7180837838321428,0.7180837838321428,0.0,274.053103441163,1.04,11.64739990234375,11.64739990234375,60.96629532756704,False
1035,0.7180824673041849,0.7180824673041849,0.0,274.3628138860113,1.04,11.64739990234375,11.64739990234375,60.980055079847034,False
1036,0.7181044395246019,0.7181044395246019,0.0,274.6536354642205,1.04,10.936295509338379,10.936295509338379,60.99144535892813,False
1037,0.7181237361447829,0.7181237361447829,0.0,274.9444744066206,1.04,10.936295509338379,10.936295509338379,61.00283563800923,False
1038,0.7181406283309073,0.7181406283309073,0.0,275.23532855050183,1.04,10.936295509338379,10.936295509338379,61.01422591709033,False
1039,0.7181553558687136,0.7181553558687136,0.0,275.52619594858436,1.04,10.936295509338379,10.936295509338379,61.02561619617143,False
1040,0.7181681317213079,0.7181681317213079,0.0,275.8170748449668,1.04,10.936295509338379,10.936295509338379,61.037006475252525,False
1041,0.7181472067003846,0.7181472067003846,0.0,276.1322867485042,1.04,11.851921081542969,11.851921081542969,61.051503868108966,False
1042,0.7181266222882312,0.7181266222882312,0.0,276.4474785766501,1.04,11.851921081542969,11.851921081542969,61.06600126096541,False
1043,0.7181063247634859,0.7181063247634859,0.0,276.7626506105746,1.04,11.851921081542969,11.851921081542969,61.08049865382185,False
1044,0.7180862710377279,0.7180862710377279,0.0,277.0778030893741,1.04,11.851921081542969,11.851921081542969,61.09499604667829,False
1045,0.7180664267855194,0.7180664267855194,0.0,277.3929362186274,1.04,11.851921081542969,11.851921081542969,61.10949343953473,False
1046,0.718101851110727,0.718101851110727,0.0,277.6661009259424,1.04,10.272394180297852,10.272394180297852,61.1189327154994,False
1047,0.7181341557508135,0.7181341557508135,0.0,277.9392929384621,1.04,10.272394180297852,10.272394180297852,61.128371991464064,False
1048,0.7181636708943994,0.7181636708943994,0.0,278.21250990101424,1.04,10.272394180297852,10.272394180297852,61.13781126742873,False
1049,0.7181906879851196,0.7181906879851196,0.0,278.48574970411744,1.04,10.272394180297852,10.272394180297852,61.1472505433934,False
1050,0.7182154651546203,0.7182154651546203,0.0,278.7590104559635,1.04,10.272394180297852,10.272394180297852,61.156689819358064,False
1051,0.7182445062360339,0.7182445062360339,0.0,279.0275470468131,1.04,10.093896865844727,10.093896865844727,61.16564553393415,False
1052,0.71827137603185,0.71827137603185,0.0,279.2961059651027,1.04,10.093896865844727,10.093896865844727,61.17460124851024,False
1053,0.7182962954122805,0.7182962954122805,0.0,279.56468559196117,1.04,10.093896865844727,10.093896865844727,61.18355696308633,False
1054,0.7183194617396075,0.7183194617396075,0.0,279.83328447213745,1.04,10.093896865844727,10.093896865844727,61.19251267766242,False
1055,0.7183410518327648,0.7183410518327648,0.0,280.1019012970051,1.04,10.093896865844727,10.093896865844727,61.20146839223851,False
1056,0.7183374517254512,0.718337451725451,0.1794417381286621,280.1019012970051,1.04,10.766504287719727,0.0,61.206660186615096,True
1057,0.7183339892373795,0.718335720486517,0.3588834762573242,280.1019012970051,1.04,10.766504287719727,0.0,61.21185198099168,True
1058,0.718330644749001,0.7183340285837568,0.5383252143859862,280.1019012970051,1.04,10.766504287719727,0.0,61.21704377536827,True
1059,0.7183274045294699,0.7183323725841892,0.7177669525146484,280.1019012970051,1.04,10.766504287719727,0.0,61.22223556974485,True
1060,0.718324259285391,0.718330749942357,0.8972086906433105,280.1019012970051,1.04,10.766504287719727,0.0,61.22742736412144,True
1061,0.7183116791303249,0.7183275055313036,1.0811423778533935,280.1019012970051,1.04,11.03602123260498,0.0,61.233018897383616,True
1062,0.7182997609781684,0.7183234718196992,1.2650760650634765,280.1019012970051,1.04,11.03602123260498,0.0,61.23861043064579,True
1063,0.7182884416821423,0.7183190254128002,1.4490097522735594,280.1019012970051,1.04,11.03602123260498,0.0,61.24420196390797,True
1064,0.7182776668973427,0.7183143671075113,1.6329434394836424,280.1019012970051,1.04,11.03602123260498,0.0,61.249793497170145,True
1065,0.7182673896573987,0.7183096116320044,1.8168771266937254,280.1019012970051,1.04,11.03602123260498,0.0,61.77538503043232,True
1066,0.7181887131907466,0.7182967439609697,1.8833320140838623,280.3413747163182,1.04,12.987293243408203,9.0,62.30781334505798,False
1067,0.7181148072503619,0.7182779943654182,1.799786901473999,280.820293769099,1.04,12.987293243408203,18.0,62.86345063927548,False
1068,0.718045165703255,0.7182530077387763,1.5662417888641358,281.53861680924285,1.04,12.987293243408203,27.0,63.48208373524225,False
1069,0.7179793458530865,0.7182197933262168,1.2028663635253904,282.46408940906,1.04,12.987293243408203,34.78981876373291,64.20270450625739,False
1070,0.7179169590386234,0.7181736294694494,0.8394909381866452,283.38942982470934,1.04,12.987293243408203,34.78981876373291,64.92332527727254,False
1071,0.7178641378634255,0.7181109363753185,0.6230249722798662,284.0752549798749,1.04,12.801860809326172,25.78981876373291,65.53006773847268,False
1072,0.7178136885221553,0.7180351364972971,0.4551267846425372,284.68344409955796,1.04,12.801860809326172,22.875752067565916,66.11324052304954,False
1073,0.7177653880757484,0.7179490669661457,0.2872285970052081,285.2914712816717,1.04,12.801860809326172,22.875752067565916,66.6964133076264,False
1074,0.7177190372210703,0.7178510449504796,0.11933040936787898,285.89931409567373,1.04,12.801860809326172,22.875752067565916,67.27958609220326,False
1075,0.7176744573393418,0.7176744573393418,0.0,286.429540028172,1.04,12.801860809326172,19.96168537139891,67.32449017916808,False
1076,0.7176537138874307,0.7176537138874307,0.0,286.7525085439102,1.04,12.162123680114746,12.162123680114746,67.34015595477516,False
1077,0.7176330436666511,0.7176330436666511,0.0,287.07545640764494,1.04,12.162123680114746,12.162123680114746,67.35582173038223,False
1078,0.717612467858456,0.717612467858456,0.0,287.3983837151471,1.04,12.162123680114746,12.162123680114746,67.37148750598931,False
1079,0.7175920011919759,0.7175920011919759,0.0,287.72129057688124,1.04,12.162123680114746,12.162123680114746,67.38715328159638,False
1080,0.7175716534990632,0.7175716534990632,0.0,288.0441771131099,1.04,12.162123680114746,12.162123680114746,67.40281905720346,False
1081,0.717564801150972,0.717564801150972,0.0,288.35684309664475,1.04,11.777397155761719,11.777397155761719,67.41704469072837,False
1082,0.7175572559530955,0.7175572559530955,0.0,288.66950178214347,1.04,11.777397155761719,11.777397155761719,67.43127032425329,False
1083,0.717549107681734,0.717549107681734,0.0,288.982152586498,1.04,11.777397155761719,11.777397155761719,67.4454959577782,False
1084,0.7175404336896436,0.7175404336896436,0.0,289.2947950014624,1.04,11.777397155761719,11.777397155761719,67.45972159130312,False
1085,0.717531300979669,0.717531300979669,0.0,289.6074285836371,1.04,11.777397155761719,11.777397155761719,67.47394722482804,False
1086,0.7175562688462116,0.7175562688462116,0.0,289.8937856119825,1.04,10.7866849899292,10.7866849899292,67.48487640643813,False
1087,0.7175788194459343,0.7175788194459343,0.0,290.18016261785675,1.04,10.7866849899292,10.7866849899292,67.49580558804823,False
1088,0.7175992167948017,0.7175992167948017,0.0,290.4665576950189,1.04,10.7866849899292,10.7866849899292,67.50673476965832,False
1089,0.7176176927099277,0.7176176927099277,0.0,290.7529691422323,1.04,10.7866849899292,10.7866849899292,67.51766395126842,False
1090,0.7176344514756587,0.7176344514756587,0.0,291.0393954389558,1.04,10.7866849899292,10.7866849899292,67.52859313287851,False
1091,0.7176835050816345,0.7176835050816345,0.0,291.3002206650135,1.04,9.821069717407227,9.821069717407227,67.53684210881765,False
1092,0.7177292146822839,0.7177292146822839,0.0,291.5610827775241,1.04,9.821069717407227,9.821069717407227,67.54509108475679,False
1093,0.717771927499896,0.717771927499896,0.0,291.8219793633449,1.04,9.821069717407227,9.821069717407227,67.55334006069593,False
1094,0.7178119505918624,0.7178119505918624,0.0,292.08290825615643,1.04,9.821069717407227,9.821069717407227,67.56158903663507,False
1095,0.7178495564527619,0.7178495564527619,0.0,292.3438675087565,1.04,9.821069717407227,9.821069717407227,67.56983801257421,False
1096,0.7178592884437164,0.7178592884437164,0.0,292.624165438851,1.04,10.548553466796875,10.548553466796875,67.58005922420153,False
1097,0.7178685727990098,0.7178685727990098,0.0,292.90447142046935,1.04,10.548553466796875,10.548553466796875,67.59028043582886,False
1098,0.7178774459033542,0.7178774459033542,0.0,293.1847850972066,1.04,10.548553466796875,10.548553466796875,67.60050164745618,False
1099,0.7178859437824558,0.7178859437824558,0.0,293.46510614386983,1.04,10.548553466796875,10.548553466796875,67.61072285908351,False
1100,0.7178941016199408,0.7178941016199408,0.0,293.74543426575275,1.04,10.548553466796875,10.548553466796875,67.62094407071083,False
1101,0.7179102590425765,0.7179102590425765,0.0,294.01953446398227,1.04,10.313685417175293,10.313685417175293,67.63049763205856,False
1102,0.7179256489243536,0.7179256489243536,0.0,294.2936477137711,1.04,10.313685417175293,10.313685417175293,67.6400511934063,False
1103,0.7179403541785127,0.7179403541785127,0.0,294.56777343515176,1.04,10.313685417175293,10.313685417175293,67.64960475475402,False
1104,0.7179544496552678,0.7179544496552678,0.0,294.8419111115549,1.04,10.313685417175293,10.313685417175293,67.65915831610175,False
1105,0.7179680028382388,0.7179680028382388,0.0,295.1160602835769,1.04,10.313685417175293,10.313685417175293,67.66871187744948,False
1106,0.7179810745060621,0.7179810745060621,0.0,295.3902205433056,1.04,10.313685417175293,10.313685417175293,67.67826543879721,False
1107,0.7179937193541281,0.7179937193541281,0.0,295.66439152917127,1.04,10.313685417175293,10.313685417175293,67.68781900014494,False
1108,0.7180059865737203,0.7180059865737203,0.0,295.9385729212873,1.04,10.313685417175293,10.313685417175293,67.69737256149267,False
1109,0.7180179203875569,0.7180179203875569,0.0,296.2127644372432,1.04,10.313685417175293,10.313685417175293,67.7069261228404,False
1110,0.7180295608697993,0.7180295608697993,0.0,296.4869658285925,1.04,10.313685417175293,10.313685417175293,67.71647968418813,False
1111,0.7179634276011743,0.7179634276011743,0.0,296.81922977473664,1.04,12.500181198120117,12.500181198120117,67.73348844132856,False
1112,0.7179018975105891,0.7179018975105891,0.0,297.1514304740405,1.04,12.500181198120117,12.500181198120117,67.75049719846899,False
1113,0.7178444798364355,0.7178444798364355,0.0,297.48357216560083,1.04,12.500181198120117,12.500181198120117,67.76750595560942,False
1114,0.7177907467195938,0.7177907467195938,0.0,297.8156586464497,1.04,12.500181198120117,12.500181198120117,67.78451471274985,False
1115,0.7177403234322184,0.7177403234322184,0.0,298.14769332660916,1.04,12.500181198120117,12.500181198120117,67.80152346989028,False
1116,0.7177711961378873,0.7177711961378873,0.0,298.4204494677693,1.04,10.267528533935547,10.267528533935547,67.81094933911834,False
1117,0.7177999733889493,0.7177999733889493,0.0,298.693229893639,1.04,10.267528533935547,10.267528533935547,67.82037520834639,False
1118,0.7178269073307395,0.7178269073307395,0.0,298.9660330508296,1.04,10.267528533935547,10.267528533935547,67.82980107757444,False
1119,0.7178522152351479,0.7178522152351479,0.0,299.23885756891923,1.04,10.267528533935547,10.267528533935547,67.8392269468025,False
1120,0.7178760851103125,0.7178760851103125,0.0,299.5117022358381,1.04,10.267528533935547,10.267528533935547,67.84865281603055,False
1121,0.7178363144835597,0.7178363144835597,0.0,299.83152269522975,1.04,12.036774635314941,12.036774635314941,67.86383918833604,False
1122,0.717799224628124,0.717799224628124,0.0,300.15130645762645,1.04,12.036774635314941,12.036774635314941,67.87902556064154,False
1123,0.7177645327274108,0.7177645327274108,0.20061291058858235,300.15130645762645,1.04,12.036774635314941,0.0,67.88628033181254,True
1124,0.7177319915487343,0.7177482625882496,0.4012258211771647,300.15130645762645,1.04,12.036774635314941,0.0,67.89353510298355,True
1125,0.7177013842148287,0.7177326372941738,0.6018387317657471,300.15130645762645,1.04,12.036774635314941,0.0,67.90078987415455,True
1126,0.7177127728847207,0.7177280355600539,0.7833007176717123,300.15130645762645,1.04,10.88771915435791,0.0,67.90615900589394,True
1127,0.7177232703293716,0.7177271392748524,0.9647627035776775,300.15130645762645,1.04,10.88771915435791,0.0,67.91152813763333,True
1128,0.7177329910055894,0.7177280656862127,1.1462246894836425,300.15130645762645,1.04,10.88771915435791,0.0,67.91689726937271,True
1129,0.7177420332594736,0.7177299747477418,1.3276866753896077,300.15130645762645,1.04,10.88771915435791,0.0,67.9222664011121,True
1130,0.717750481828573,0.7177324406212992,1.509148661295573,300.15130645762645,1.04,10.88771915435791,0.0,67.92763553285148,True
1131,0.7177584099345966,0.7177352281519125,1.690610647201538,300.15130645762645,1.04,10.88771915435791,0.0,67.93300466459087,True
1132,0.717765881035243,0.7177381995082718,1.8720726331075033,300.15130645762645,1.04,10.88771915435791,0.0,68.45837379633026,True
1133,0.7177729502921348,0.7177412704504019,1.9035346190134685,300.39036866235165,1.04,10.88771915435791,9.0,68.98705849658278,False
1134,0.7177796658022052,0.7177446122841986,1.7849966049194335,300.86849801504616,1.04,10.88771915435791,18.0,69.53895217642712,False
1135,0.7177860698655992,0.7177484381753378,1.5734153906504311,301.4949237325204,1.04,10.88771915435791,23.582592010498047,70.12397057239328,False
1136,0.7177178714686868,0.7177447379357695,1.258732312520345,302.341844498227,1.04,13.002788543701172,31.883773231506346,70.80053027456376,False
1137,0.7176541059575458,0.7177314276784349,0.9440492343902586,303.1887303897788,1.04,13.002788543701172,31.883773231506346,71.47708997673423,False
1138,0.7175942944773643,0.7177058299054566,0.6293661562601723,304.03554921714004,1.04,13.002788543701172,31.883773231506346,72.15364967890471,False
1139,0.7175380192210411,0.7176628563172576,0.3146830781300861,304.88225547014156,1.04,13.002788543701172,31.883773231506346,72.83020938107519,False
1140,0.7174849139925771,0.7174849139925771,0.0,305.7287716937383,1.04,13.002788543701172,31.883773231506343,72.98676908324568,False
1141,0.717462877927936,0.717462877927936,0.0,306.05233469194025,1.16,12.191705703735352,12.191705703735352,73.0043702605074,False
1142,0.717441614936482,0.717441614936482,0.0,306.3758764080519,1.16,12.191705703735352,12.191705703735352,73.02197143776912,False
1143,0.7174210677780695,0.7174210677780695,0.0,306.6993975600107,1.16,12.191705703735352,12.191705703735352,73.03957261503085,False
1144,0.7174011820918139,0.7174011820918139,0.0,307.0228988112035,1.16,12.191705703735352,12.191705703735352,73.05717379229257,False
1145,0.7173819062304905,0.7173819062304905,0.0,307.3463807732015,1.16,12.191705703735352,12.191705703735352,73.0747749695543,False
1146,0.7173219363606075,0.7173219363606075,0.0,307.70130464340195,1.16,13.37920093536377,13.37920093536377,73.09803652938321,False
1147,0.7172651098902147,0.7172651098902147,0.0,308.05616612977536,1.16,13.37920093536377,13.37920093536377,73.12129808921212,False
1148,0.7172110933988327,0.7172110933988327,0.0,308.4109683282702,1.16,13.37920093536377,13.37920093536377,73.14455964904103,False
1149,0.7171595922488208,0.7171595922488208,0.0,308.76571400982886,1.16,13.37920093536377,13.37920093536377,73.16782120886994,False
1150,0.7171103452949636,0.7171103452949636,0.0,309.12040565743627,1.16,13.37920093536377,13.37920093536377,73.19108276869885,False
1151,0.7170440894991298,0.7170440894991298,0.0,309.4896405793545,1.16,13.93063735961914,13.93063735961914,73.21734074580817,False
1152,0.7169808881611559,0.7169808881611559,0.0,309.8588033284423,1.16,13.93063735961914,13.93063735961914,73.2435987229175,False
1153,0.7169204179852098,0.7169204179852098,0.0,310.22789703805483,1.16,13.93063735961914,13.93063735961914,73.26985670002682,False
1154,0.7168623925191869,0.7168623925191869,0.0,310.5969245126737,1.16,13.93063735961914,13.93063735961914,73.29611467713615,False
1155,0.7168065571301566,0.7168065571301566,0.0,310.96588826455195,1.16,13.93063735961914,13.93063735961914,73.32237265424547,False
1156,0.7167741262384623,0.7167741262384623,0.0,311.3182586145677,1.16,13.305469512939453,13.305469512939453,73.34525175323562,False
1157,0.7167420772519647,0.7167420772519647,0.0,311.6705940388292,1.16,13.305469512939453,13.305469512939453,73.36813085222576,False
1158,0.71671038093065,0.71671038093065,0.0,312.0228949253952,1.16,13.305469512939453,13.305469512939453,73.3910099512159,False
1159,0.7166790070728665,0.7166790070728665,0.0,312.3751616292958,1.16,13.305469512939453,13.305469512939453,73.41388905020605,False
1160,0.7166479251468061,0.7166479251468061,0.0,312.72739447218845,1.16,13.305469512939453,13.305469512939453,73.4367681491962,False
1161,0.7166329747949558,0.7166329747949558,0.0,313.06736125209204,1.16,12.842717170715332,12.842717170715332,73.45734216456543,False
1162,0.7166172591437551,0.7166172591437551,0.0,313.407311508782,1.16,12.842717170715332,12.842717170715332,73.47791617993467,False
1163,0.7166008584009766,0.7166008584009766,0.0,313.7472445229027,1.16,12.842717170715332,12.842717170715332,73.4984901953039,False
1164,0.7165838401081847,0.7165838401081847,0.0,314.08715964622087,1.16,12.842717170715332,12.842717170715332,73.51906421067314,False
1165,0.7165662616011433,0.7165662616011433,0.0,314.4270562908857,1.16,12.842717170715332,12.842717170715332,73.53963822604237,False
1166,0.7165088447373328,0.7165088447373328,0.0,314.7971531758732,1.16,13.986291885375977,13.986291885375977,73.56621217320365,False
1167,0.7164534703680958,0.7164534703680958,0.0,315.1671866878418,1.16,13.986291885375977,13.986291885375977,73.59278612036493,False
1168,0.7163998973521811,0.7163998973521811,0.0,315.5371588996774,1.16,13.986291885375977,13.986291885375977,73.61936006752622,False
1169,0.7163479153832796,0.7163479153832796,0.0,315.90707164256315,1.16,13.986291885375977,13.986291885375977,73.6459340146875,False
1170,0.7162973401883203,0.7162973401883203,0.0,316.2769265359568,1.16,13.986291885375977,13.986291885375977,73.67250796184878,False
1171,0.7163141041479416,0.7163141041479416,0.0,316.59578923566835,1.16,12.057365417480469,12.057365417480469,73.68953368526694,False
1172,0.7163278509363812,0.7163278509363812,0.0,316.9146654907268,1.16,12.057365417480469,12.057365417480469,73.7065594086851,False
1173,0.7163389024363537,0.7163389024363537,0.0,317.23355264383747,1.16,12.057365417480469,12.057365417480469,73.72358513210325,False
1174,0.7163475380887077,0.7163475380887077,0.0,317.5524483129807,1.16,12.057365417480469,12.057365417480469,73.74061085552141,False
1175,0.7163540014787865,0.7163540014787865,0.0,317.87135035614733,1.16,12.057365417480469,12.057365417480469,73.75763657893957,False
1176,0.7162965923193438,0.7162965923193438,0.0,318.2375895027007,1.16,13.849592208862305,13.849592208862305,73.78343892900348,False
1177,0.7162413069826423,0.7162413069826423,0.0,318.6037660416257,1.16,13.849592208862305,13.849592208862305,73.8092412790674,False
1178,0.716187882895876,0.716187882895876,0.0,318.96988209184076,1.16,13.849592208862305,13.849592208862305,73.8350436291313,False
1179,0.7161360926642631,0.7161360926642631,0.0,319.3359395137194,1.16,13.849592208862305,13.849592208862305,73.86084597919522,False
1180,0.7160857386894455,0.7160857386894455,0.0,319.70193994302724,1.16,13.849592208862305,13.849592208862305,73.88664832925913,False
1181,0.7160366486803409,0.7160366486803409,0.0,320.06788481973797,1.16,13.849592208862305,13.849592208862305,73.91245067932304,False
1182,0.7159886719033384,0.7159886719033384,0.23082653681437174,320.06788481973797,1.16,13.849592208862305,0.0,73.92477687162376,True
1183,0.7159416760452344,0.715965174910384,0.46165307362874347,320.06788481973797,1.16,13.849592208862305,0.0,73.93710306392448,True
1184,0.715895544584238,0.7159419666281366,0.6924796104431152,320.06788481973797,1.16,13.849592208862305,0.0,73.9494292562252,True
1185,0.7158501744445546,0.715919021260218,0.9233061472574869,320.06788481973797,1.16,13.849592208862305,0.0,73.96175544852592,True
1186,0.7158302560606238,0.7159020174183008,1.1421163082122803,320.06788481973797,1.16,13.128609657287598,0.0,73.97225508320173,True
1187,0.7158093563506511,0.715887121308026,1.3609264691670735,320.06788481973797,1.16,13.128609657287598,0.0,73.98275471787754,True
1188,0.7157875752820853,0.7158733351391329,1.5797366301218667,320.06788481973797,1.16,13.128609657287598,0.0,73.99325435255335,True
1189,0.7157649984267703,0.7158601570830646,1.79854679107666,320.06788481973797,1.16,13.128609657287598,0.0,74.00375398722916,True
1190,0.7157416993913698,0.7158473110136596,2.017356952031453,320.06788481973797,1.16,13.128609657287598,0.0,74.59425362190497,True
1191,0.7156850374649685,0.7158304093620403,2.2519693056742347,320.06788481973797,1.16,14.076741218566895,0.0,75.18719630629359,True
1192,0.7156298600926734,0.71581149308978,2.3365816593170163,320.3055244365135,1.16,14.076741218566895,9.0,75.78383712479298,False
1193,0.7155759840581641,0.7157900115165169,2.271194012959798,320.7807721033515,1.16,14.076741218566895,18.0,76.40636488206789,False
1194,0.715523249683324,0.7157650455072496,2.1597152233123778,321.3289931443839,1.16,14.076741218566895,20.76546859741211,77.04473103940025,False
1195,0.7154715174702586,0.7157362965521017,2.0482364336649574,321.8771654571625,1.16,14.076741218566895,20.76546859741211,77.6830971967326,False
1196,0.7154027436027585,0.7157009014813009,1.795434029897054,322.66283615636826,1.16,14.59732437133789,29.76546859741211,78.4113102197096,False
1197,0.7153359117605085,0.7156573695463326,1.3926316261291505,323.6859275188441,1.16,14.59732437133789,38.76546859741211,79.30126488247859,False
1198,0.7152707961403961,0.715599911650513,0.982984339396159,324.7196741597994,1.16,14.59732437133789,39.17616157531738,80.20071195896328,False
1199,0.7152071989238634,0.7155220402092719,0.5733370526631676,325.7531719505796,1.16,14.59732437133789,39.17616157531738,81.10015903544797,False
1200,0.7151449463017341,0.7154097469493189,0.16368976593017615,326.786311006549,1.16,14.59732437133789,39.17616157531738,81.99960611193266,False
1201,0.7151184730093311,0.7151184730093311,0.0,327.40337637398187,1.16,13.589682579040527,23.411068534851093,82.076341968536,False
1202,0.7150908383011978,0.7150908383011978,0.0,327.76140524393475,1.16,13.589682579040527,13.589682579040527,82.10071874322426,False
1203,0.7150621689201124,0.7150621689201124,0.0,328.11940238514615,1.16,13.589682579040527,13.589682579040527,82.12509551791253,False
1204,0.7150325736511547,0.7150325736511547,0.0,328.47736677615535,1.16,13.589682579040527,13.589682579040527,82.14947229260079,False
1205,0.7150021461433114,0.7150021461433114,0.0,328.83529749942545,1.16,13.589682579040527,13.589682579040527,82.17384906728905,False
1206,0.714983173085824,0.714983173085824,0.0,329.1838801831891,1.16,13.235538482666016,13.235538482666016,82.1963693143169,False
1207,0.7149627533928968,0.7149627533928968,0.0,329.5324408648692,1.16,13.235538482666016,13.235538482666016,82.21888956134474,False
1208,0.7149410319805142,0.7149410319805142,0.0,329.8809781435409,1.16,13.235538482666016,13.235538482666016,82.24140980837258,False
1209,0.7149181354141594,0.7149181354141594,0.0,330.2294907549367,1.16,13.235538482666016,13.235538482666016,82.26393005540042,False
1210,0.7148941746764318,0.7148941746764318,0.0,330.5779775546343,1.16,13.235538482666016,13.235538482666016,82.28645030242826,False
1211,0.7148692474764633,0.7148692474764633,0.0,330.92643750373395,1.16,13.235538482666016,13.235538482666016,82.3089705494561,False
1212,0.7148434401801101,0.7148434401801101,0.0,331.2748696566171,1.16,13.235538482666016,13.235538482666016,82.33149079648395,False
1213,0.7148168294260965,0.7148168294260965,0.0,331.6232731504472,1.16,13.235538482666016,13.235538482666016,82.35401104351179,False
1214,0.7147894834819045,0.7147894834819045,0.0,331.9716471961332,1.16,13.235538482666016,13.235538482666016,82.37653129053963,False
1215,0.7147614636610875,0.7147614636610875,0.0,332.31999107082123,1.16,13.235538482666016,13.235538482666016,82.39905153756747,False
1216,0.7147597801361963,0.7147597801361963,0.0,332.647916453417,1.16,12.459790229797363,12.459790229797363,82.41783953520313,False
1217,0.7147558626114019,0.7147558626114019,0.0,332.9758378652014,1.16,12.459790229797363,12.459790229797363,82.43662753283878,False
1218,0.7147499384904634,0.7147499384904634,0.0,333.3037532723845,1.16,12.459790229797363,12.459790229797363,82.45541553047444,False
1219,0.7147422087812927,0.7147422087812927,0.0,333.63166084502967,1.16,12.459790229797363,12.459790229797363,82.4742035281101,False
1220,0.7147328517734681,0.7147328517734681,0.0,333.95955893404334,1.16,12.459790229797363,12.459790229797363,82.49299152574575,False
1221,0.7147591700022142,0.7147591700022142,0.0,334.2595270429296,1.16,11.397552490234375,11.397552490234375,82.50737232777493,False
1222,0.7147819298959983,0.7147819298959983,0.0,334.55951625545265,1.16,11.397552490234375,11.397552490234375,82.52175312980411,False
1223,0.714801496295779,0.714801496295779,0.0,334.859523611811,1.16,11.397552490234375,11.397552490234375,82.53613393183329,False
1224,0.7148181916167591,0.7148181916167591,0.0,335.1595464506161,1.16,11.397552490234375,11.397552490234375,82.55051473386247,False
1225,0.7148323016676752,0.7148323016676752,0.0,335.4595823750935,1.16,11.397552490234375,11.397552490234375,82.56489553589165,False
1226,0.7148820203069158,0.7148820203069158,0.0,335.7313617098657,1.16,10.322574615478516,10.322574615478516,82.57557900742536,False
1227,0.714927421926848,0.714927421926848,0.0,336.0031791891489,1.16,10.322574615478516,10.322574615478516,82.58626247895907,False
1228,0.714968940518791,0.714968940518791,0.0,336.2750315557196,1.16,10.322574615478516,10.322574615478516,82.59694595049278,False
1229,0.7150069608129047,0.7150069608129047,0.0,336.5469158743253,1.16,10.322574615478516,10.322574615478516,82.60762942202649,False
1230,0.7150418252250901,0.7150418252250901,0.0,336.81882949639595,1.16,10.322574615478516,10.322574615478516,82.6183128935602,False
1231,0.7150303668733474,0.7150303668733474,0.0,337.12282329613686,1.16,11.540833473205566,11.540833473205566,82.6332428942641,False
1232,0.7150189235392386,0.7150189235392386,0.0,337.4268063426531,1.16,11.540833473205566,11.540833473205566,82.648172894968,False
1233,0.71500746770726,0.71500746770726,0.0,337.7307786246177,1.16,11.540833473205566,11.540833473205566,82.6631028956719,False
1234,0.7149959816838992,0.7149959816838992,0.0,338.03474011408025,1.16,11.540833473205566,11.540833473205566,82.6780328963758,False
1235,0.7149844553955309,0.7149844553955309,0.0,338.33869077362874,1.16,11.540833473205566,11.540833473205566,82.6929628970797,False
1236,0.7150291882920364,0.7150291882920364,0.0,338.60114143039857,1.16,9.963724136352539,9.963724136352539,82.7025704633585,False
1237,0.7150705491090424,0.7150705491090424,0.0,338.86362564522926,1.16,9.963724136352539,9.963724136352539,82.7121780296373,False
1238,0.7151088908294936,0.7151088908294936,0.0,339.126140972777,1.16,9.963724136352539,9.963724136352539,82.7217855959161,False
1239,0.7151445259437635,0.7151445259437635,0.0,339.3886852203647,1.16,9.963724136352539,9.963724136352539,82.7313931621949,False
1240,0.7151777319918466,0.7151777319918466,0.0,339.65125641979995,1.16,9.963724136352539,9.963724136352539,82.74100072847371,False
1241,0.715188701323176,0.715188701323176,0.0,339.9285194593685,1.16,10.520874977111816,10.520874977111816,82.75231180352617,False
1242,0.7151988875870121,0.7151988875870121,0.0,340.2057912299467,1.16,10.520874977111816,10.520874977111816,82.76362287857863,False
1243,0.7152083657482038,0.7152083657482038,0.17534791628519694,340.2057912299467,1.16,10.520874977111816,0.0,82.76902635872207,True
1244,0.7152172057495207,0.7152127857819414,0.3506958325703939,340.2057912299467,1.16,10.520874977111816,0.0,82.77442983886552,True
1245,0.7152254728167051,0.7152170148540943,0.5260437488555908,340.2057912299467,1.16,10.520874977111816,0.0,82.77983331900896,True
1246,0.7152481223810733,0.7152245608009687,0.6945082187652587,340.2057912299467,1.16,10.107868194580078,0.0,82.7846250970277,True
1247,0.7152694360565969,0.7152333216210669,0.8629726886749267,340.2057912299467,1.16,10.107868194580078,0.0,82.78941687504644,True
1248,0.7152895587322581,0.7152425075515014,1.0314371585845947,340.2057912299467,1.16,10.107868194580078,0.0,82.79420865306518,True
1249,0.7153086203221887,0.7152517905831169,1.1999016284942627,340.2057912299467,1.16,10.107868194580078,0.0,82.79900043108393,True
1250,0.7153267377172744,0.7152610186211913,1.3683660984039308,340.2057912299467,1.16,10.107868194580078,0.0,82.80379220910267,True
1251,0.7153089149822597,0.7152667134327193,1.5530028025309246,340.2057912299467,1.16,11.078202247619629,0.0,82.81010070535085,True
1252,0.7152924611435775,0.7152694494189291,1.7376395066579184,340.2057912299467,1.16,11.078202247619629,0.0,83.39640920159903,True
1253,0.7152772394701042,0.715270197670672,1.7722762107849124,340.4430334857738,1.16,11.078202247619629,9.0,83.986415831958,False
1254,0.7152631329364779,0.7152695311131084,1.6569129149119062,340.91751701969616,1.16,11.078202247619629,18.0,84.60230940109247,False
1255,0.7152500410082357,0.7152675770621106,1.4406352996826175,341.55160399943736,1.16,11.078202247619629,24.054859161376953,85.25922747010621,False
1256,0.7152189825806912,0.7152618267521444,1.1525082397460942,342.31312742261645,1.16,11.602205276489258,28.889828872680667,85.9687920645851,False
1257,0.7151899432927015,0.7152514999180853,0.8643811798095707,343.07462653482355,1.16,11.602205276489258,28.889828872680667,86.678356659064,False
1258,0.7151627326035087,0.7152352741419473,0.5762541198730472,343.8360874507499,1.16,11.602205276489258,28.889828872680667,87.38792125354288,False
1259,0.7151371837788383,0.7152106317471507,0.28812705993652366,344.5974903612724,1.16,11.602205276489258,28.889828872680667,88.09748584802178,False
1260,0.7151131500507832,0.7151131500507832,0.0,345.35880113896724,1.16,11.602205276489258,28.889828872680667,88.22705044250067,False
1261,0.7150838146686601,0.7150838146686601,0.0,345.66937063391885,0.75,11.788525581359863,11.788525581359863,88.23733842104119,False
1262,0.7150561645822179,0.7150561645822179,0.0,345.9799135845494,0.75,11.788525581359863,11.788525581359863,88.2476263995817,False
1263,0.7150300514174103,0.7150300514174103,0.0,346.29043146859834,0.75,11.788525581359863,11.788525581359863,88.25791437812222,False
1264,0.7150053428030851,0.7150053428030851,0.0,346.6009256363637,0.75,11.788525581359863,11.788525581359863,88.26820235666274,False
1265,0.7149819201989716,0.7149819201989716,0.0,346.9113973240393,0.75,11.788525581359863,11.788525581359863,88.27849033520326,False
1266,0.7149289720641506,0.7149289720641506,0.0,347.2444335451747,0.75,12.647364616394043,12.647364616394043,88.29119466316523,False
1267,0.7148790462457181,0.7148790462457181,0.0,347.5774183741518,0.75,12.647364616394043,12.647364616394043,88.3038989911272,False
1268,0.7148318445254663,0.7148318445254663,0.0,347.91035462306206,0.75,12.647364616394043,12.647364616394043,88.31660331908917,False
1269,0.7147871032501839,0.7147871032501839,0.0,348.24324483136184,0.75,12.647364616394043,12.647364616394043,88.32930764705114,False
1270,0.714744588706039,0.714744588706039,0.0,348.5760912969074,0.75,12.647364616394043,12.647364616394043,88.34201197501311,False
1271,0.7146866713910383,0.7146866713910383,0.0,348.9217851977944,0.75,13.137887954711914,13.137887954711914,88.35625257344567,False
1272,0.7146317056129468,0.7146317056129468,0.0,349.2674203727701,0.75,13.137887954711914,13.137887954711914,88.37049317187824,False
1273,0.714579402896484,0.714579402896484,0.0,349.6129996772111,0.75,13.137887954711914,13.137887954711914,88.3847337703108,False
1274,0.7145295075905963,0.7145295075905963,0.0,349.9585256919612,0.75,13.137887954711914,13.137887954711914,88.39897436874337,False
1275,0.7144817921543779,0.7144817921543779,0.0,350.30400075359915,0.75,13.137887954711914,13.137887954711914,88.41321496717593,False
1276,0.714487128878492,0.714487128878492,0.0,350.61142446440704,0.75,11.69066047668457,11.69066047668457,88.4232488430063,False
1277,0.7144910775752533,0.7144910775752533,0.0,350.91885192714545,0.75,11.69066047668457,11.69066047668457,88.43328271883668,False
1278,0.7144938186441595,0.7144938186441595,0.0,351.22628199439293,0.75,11.69066047668457,11.69066047668457,88.44331659466705,False
1279,0.7144955054338467,0.7144955054338467,0.0,351.5337136644064,0.75,11.69066047668457,11.69066047668457,88.45335047049743,False
1280,0.7144962686305244,0.7144962686305244,0.0,351.8411460596025,0.75,11.69066047668457,11.69066047668457,88.4633843463278,False
1281,0.71445333069237,0.71445333069237,0.0,352.1803773756915,0.75,12.901582717895508,12.901582717895508,88.47687026550254,False
1282,0.7144123541037517,0.7144123541037517,0.0,352.51956573238994,0.75,12.901582717895508,12.901582717895508,88.49035618467728,False
1283,0.7143731302379619,0.7143731302379619,0.0,352.8587129728089,0.75,12.901582717895508,12.901582717895508,88.50384210385202,False
1284,0.7143354755552767,0.7143354755552767,0.0,353.19782074696946,0.75,12.901582717895508,12.901582717895508,88.51732802302676,False
1285,0.714299228072849,0.714299228072849,0.0,353.5368905345191,0.75,12.901582717895508,12.901582717895508,88.5308139422015,False
1286,0.7142762394259197,0.7142762394259197,0.0,353.8670014624759,0.75,12.561591148376465,12.561591148376465,88.54326153982075,False
1287,0.7142536311562182,0.7142536311562182,0.0,354.1970893258969,0.75,12.561591148376465,12.561591148376465,88.55570913743999,False
1288,0.7142313725420942,0.7142313725420942,0.0,354.52715448321635,0.75,12.561591148376465,12.561591148376465,88.56815673505923,False
1289,0.7142094346128152,0.7142094346128152,0.0,354.85719726323805,0.75,12.561591148376465,12.561591148376465,88.58060433267848,False
1290,0.7141877900683911,0.7141877900683911,0.0,355.18721796684906,0.75,12.561591148376465,12.561591148376465,88.59305193029772,False
1291,0.7142140329227049,0.7142140329227049,0.0,355.4817867541331,0.75,11.211274147033691,11.211274147033691,88.60190138470635,False
1292,0.7142376216524848,0.7142376216524848,0.0,355.7763770164999,0.75,11.211274147033691,11.211274147033691,88.61075083911498,False
1293,0.7142588436314427,0.7142588436314427,0.0,356.07098660073274,0.75,11.211274147033691,11.211274147033691,88.61960029352362,False
1294,0.7142779492492457,0.7142779492492457,0.0,356.3656135811451,0.75,11.211274147033691,11.211274147033691,88.62844974793225,False
1295,0.7142951577882559,0.7142951577882559,0.0,356.66025623135755,0.75,11.211274147033691,11.211274147033691,88.63729920234088,False
1296,0.714265158357376,0.714265158357376,0.0,356.9885533334002,0.75,12.492998123168945,12.492998123168945,88.64954399972235,False
1297,0.7142364222259809,0.7142364222259809,0.0,357.3168212808523,0.75,12.492998123168945,12.492998123168945,88.66178879710382,False
1298,0.7142087997921609,0.7142087997921609,0.0,357.64506120629903,0.75,12.492998123168945,12.492998123168945,88.6740335944853,False
1299,0.7141821627599646,0.7141821627599646,0.0,357.97327411187456,0.75,12.492998123168945,12.492998123168945,88.68627839186676,False
1300,0.7141564005938047,0.7141564005938047,0.0,358.30146088733323,0.75,12.492998123168945,12.492998123168945,88.69852318924823,False
1301,0.7142063970596948,0.7142063970596948,0.0,358.57407204185694,0.75,10.375812530517578,10.375812530517578,88.70553803180357,False
1302,0.7142525847181469,0.7142525847181469,0.0,358.8467221124312,0.75,10.375812530517578,10.375812530517578,88.7125528743589,False
1303,0.7142953687668101,0.7142953687668101,0.0,359.1194082367198,0.75,10.375812530517578,10.375812530517578,88.71956771691424,False
1304,0.7143351043543161,0.7143351043543161,0.0,359.39212785048477,0.75,10.375812530517578,10.375812530517578,88.72658255946958,False
1305,0.7143721040976664,0.7143721040976664,0.0,359.66487865198036,0.75,10.375812530517578,10.375812530517578,88.73359740202491,False
1306,0.7143447740920501,0.7143447740920501,0.0,359.98310125980606,0.75,12.106644630432129,12.106644630432129,88.74474093654707,False
1307,0.7143189794964598,0.7143189794964598,0.0,360.3012984997879,0.75,12.106644630432129,12.106644630432129,88.75588447106924,False
1308,0.7142945387340124,0.7142945387340123,0.20177741050720216,360.3012984997879,0.75,12.106644630432129,0.0,88.76120791444124,True
1309,0.7142712967715948,0.7142829179811061,0.4035548210144043,360.3012984997879,0.75,12.106644630432129,0.0,88.76653135781325,True
1310,0.7142491206119345,0.7142716526204855,0.6053322315216065,360.3012984997879,0.75,12.106644630432129,0.0,88.77185480118526,True
1311,0.714273769303557,0.714272138433676,0.7856515407562257,360.3012984997879,0.75,10.819158554077148,0.0,88.77565408476735,True
1312,0.7142964830445206,0.714276683032877,0.9659708499908448,360.3012984997879,0.75,10.819158554077148,0.0,88.77945336834945,True
1313,0.7143174726314824,0.7142830998895573,1.146290159225464,360.3012984997879,0.75,10.819158554077148,0.0,88.78325265193155,True
1314,0.7143369228585897,0.7142904163484999,1.326609468460083,360.3012984997879,0.75,10.819158554077148,0.0,88.78705193551365,True
1315,0.7143549963051004,0.7142981447379717,1.5069287776947022,360.3012984997879,0.75,10.819158554077148,0.0,88.79085121909574,True
1316,0.7143221878161374,0.7143010045839207,1.7103636900583905,360.3012984997879,0.75,12.206094741821289,0.0,88.79630693144739,True
1317,0.7142913209861265,0.7142999752420431,1.9137986024220788,360.3012984997879,0.75,12.206094741821289,0.0,89.17676264379904,True
1318,0.7142621815077216,0.7142963440313366,1.9672335147857671,360.5378276880844,0.75,12.206094741821289,9.0,89.5596093911361,False
1319,0.7142345835731992,0.7142905563926313,1.8706684271494554,361.01087760315465,0.75,12.206094741821289,18.0,89.95919338337114,False
1320,0.7142083655718039,0.7142824958553545,1.640875927607219,361.6939878870211,0.75,12.206094741821289,25.99364471435547,90.39725406353534,False
1321,0.7141363431204726,0.7142648461823674,1.312700742085775,362.5668569879516,0.75,13.525629043579102,33.21614017486573,90.89987770180551,False
1322,0.7140684596405462,0.7142360720349521,0.9845255565643313,363.43964847076325,0.75,13.525629043579102,33.21614017486573,91.40250134007567,False
1323,0.7140042726509143,0.7141928990915098,0.6563503710428874,364.3123235089383,0.75,13.525629043579102,33.21614017486573,91.90512497834584,False
1324,0.7139433948513675,0.714129133143887,0.32817518552144365,365.1848265907908,0.75,13.525629043579102,33.21614017486573,92.407748616616,False
1325,0.7138854859019983,0.7138854859019983,0.0,366.0570622651761,0.75,13.525629043579102,33.21614017486572,92.53537225488617,False
1326,0.7138415470918644,0.7138415470918644,0.0,366.4036377269709,0.75,13.205838203430176,13.205838203430176,92.54983495879294,False
1327,0.7137992817343372,0.7137992817343372,0.0,366.7501679270723,0.75,13.205838203430176,13.205838203430176,92.56429766269972,False
1328,0.713758534360638,0.713758534360638,0.0,367.0966544971976,0.75,13.205838203430176,13.205838203430176,92.57876036660649,False
1329,0.7137191648331678,0.7137191648331678,0.0,367.4430989183704,0.75,13.205838203430176,13.205838203430176,92.59322307051326,False
1330,0.713681046435645,0.713681046435645,0.0,367.78950253538886,0.75,13.205838203430176,13.205838203430176,92.60768577442003,False
1331,0.7136342309877906,0.7136342309877906,0.0,368.1431772722169,0.75,13.484983444213867,13.484983444213867,92.6230851400881,False
1332,0.7135890777850287,0.7135890777850287,0.0,368.4968026674697,0.75,13.484983444213867,13.484983444213867,92.63848450575615,False
1333,0.7135454219718483,0.7135454219718483,0.0,368.85038036458667,0.75,13.484983444213867,13.484983444213867,92.65388387142421,False
1334,0.7135031157915341,0.7135031157915341,0.0,369.2039118448788,0.75,13.484983444213867,13.484983444213867,92.66928323709227,False
1335,0.7134620263556058,0.7134620263556058,0.0,369.55739844388205,0.75,13.484983444213867,13.484983444213867,92.68468260276033,False
1336,0.7134347570159856,0.7134347570159856,0.0,369.9013594157875,0.75,13.122700691223145,13.122700691223145,92.69887387230415,False
1337,0.713407666516104,0.713407666516104,0.0,370.2452915981353,0.75,13.122700691223145,13.122700691223145,92.71306514184796,False
1338,0.7133807456291463,0.7133807456291463,0.0,370.5891951737843,0.75,13.122700691223145,13.122700691223145,92.72725641139178,False
1339,0.7133539828339314,0.7133539828339314,0.0,370.933070313303,0.75,13.122700691223145,13.122700691223145,92.7414476809356,False
1340,0.7133273651546045,0.7133273651546045,0.0,371.2769171734288,0.75,13.122700691223145,13.122700691223145,92.75563895047941,False
1341,0.7132946601171734,0.7132946601171734,0.0,371.6253667307867,0.75,13.299703598022461,13.299703598022461,92.77041224872828,False
1342,0.7132624663272926,0.7132624663272926,0.0,371.9737816304488,0.75,13.299703598022461,13.299703598022461,92.78518554697715,False
1343,0.7132307263775887,0.7132307263775887,0.0,372.32216236467576,0.75,13.299703598022461,13.299703598022461,92.79995884522602,False
1344,0.7131993886329486,0.7131993886329486,0.0,372.6705093699987,0.75,13.299703598022461,13.299703598022461,92.81473214347488,False
1345,0.7131684066249858,0.7131684066249858,0.0,373.01882303280445,0.75,13.299703598022461,13.299703598022461,92.82950544172375,False
1346,0.7131701166563591,0.7131701166563591,0.0,373.34299496335456,0.75,12.37783145904541,12.37783145904541,92.84141471534743,False
1347,0.7131700859263458,0.7131700859263458,0.0,373.66716686312714,0.75,12.37783145904541,12.37783145904541,92.8533239889711,False
1348,0.7131685000243679,0.7131685000243679,0.0,373.99133717454913,0.75,12.37783145904541,12.37783145904541,92.86523326259477,False
1349,0.713165520366371,0.713165520366371,0.0,374.31550450173563,0.75,12.37783145904541,12.37783145904541,92.87714253621844,False
1350,0.7131612880819159,0.7131612880819159,0.0,374.6396675901874,0.75,12.37783145904541,12.37783145904541,92.88905180984212,False
1351,0.7131789196826608,0.7131789196826608,0.0,374.94678420394564,0.75,11.726290702819824,11.726290702819824,92.89917770783973,False
1352,0.71319413503742,0.71319413503742,0.0,375.25391525525225,0.75,11.726290702819824,11.726290702819824,92.90930360583734,False
1353,0.7132071811480207,0.7132071811480207,0.0,375.5610586863449,0.75,11.726290702819824,11.726290702819824,92.91942950383495,False
1354,0.7132182758872206,0.7132182758872206,0.0,375.86821264594647,0.75,11.726290702819824,11.726290702819824,92.92955540183256,False
1355,0.7132276122388422,0.7132276122388422,0.0,376.17537546571583,0.75,11.726290702819824,11.726290702819824,92.93968129983017,False
1356,0.7132600115878102,0.7132600115878102,0.0,376.4643838421723,0.75,11.032119750976562,11.032119750976562,92.94811325873009,False
1357,0.7132895060662517,0.7132895060662517,0.0,376.753418556443,0.75,11.032119750976562,11.032119750976562,92.95654521763001,False
1358,0.7133163887463625,0.7133163887463625,0.0,377.04247727854306,0.75,11.032119750976562,11.032119750976562,92.96497717652993,False
1359,0.7133409196048722,0.7133409196048722,0.0,377.3315579100572,0.75,11.032119750976562,11.032119750976562,92.97340913542985,False
1360,0.7133633300797516,0.7133633300797516,0.0,377.6206585587786,0.75,11.032119750976562,11.032119750976562,92.98184109432977,False
1361,0.7134037717978238,0.7134037717978238,0.0,377.8951801502574,0.75,10.474472045898438,10.474472045898438,92.98905794975344,False
1362,0.71344131130213,0.71344131130213,0.0,378.1697335849854,0.75,10.474472045898438,10.474472045898438,92.99627480517712,False
1363,0.7134762381256238,0.7134762381256238,0.0,378.44431665035546,0.75,10.474472045898438,10.474472045898438,93.0034916606008,False
1364,0.7135088102733129,0.7135088102733129,0.0,378.71892735189556,0.75,10.474472045898438,10.474472045898438,93.01070851602448,False
1365,0.7135392583648162,0.7135392583648162,0.0,378.9935638901775,0.75,10.474472045898438,10.474472045898438,93.01792537144816,False
1366,0.7136110704687002,0.7136110704687002,0.0,379.23674472532593,0.75,9.272712707519531,9.272712707519531,93.02293230689533,False
1367,0.7136786673934686,0.7136786673934686,0.0,379.4799763596301,0.75,9.272712707519531,9.272712707519531,93.0279392423425,False
1368,0.7137424723975551,0.7137424723975551,0.0,379.72325595409956,0.75,9.272712707519531,9.272712707519531,93.03294617778967,False
1369,0.7138028615321343,0.7138028615321343,0.0,379.966580950658,0.75,9.272712707519531,9.272712707519531,93.03795311323684,False
1370,0.7138601702060676,0.7138601702060676,0.0,380.2099490419035,0.75,9.272712707519531,9.272712707519531,93.04296004868401,False
1371,0.713849685712842,0.713849685712842,0.18433189392089844,380.2099490419035,0.75,11.059913635253906,0.0,93.04701865065273,True
1372,0.7138405390667426,0.7138451124251242,0.3686637878417969,380.2099490419035,0.75,11.059913635253906,0.0,93.05107725262145,True
1373,0.7138325697475746,0.7138409315916637,0.5529956817626953,380.2099490419035,0.75,11.059913635253906,0.0,93.05513585459018,True
1374,0.7138256434891984,0.7138371096400761,0.7373275756835938,380.2099490419035,0.75,11.059913635253906,0.0,93.0591944565589,True
1375,0.7138196474689151,0.7138336172882584,0.9216594696044922,380.2099490419035,0.75,11.059913635253906,0.0,93.06325305852762,True
1376,0.7138504008200517,0.7138362026729479,1.0894825458526611,380.2099490419035,0.75,10.069384574890137,0.0,93.06631593892685,True
1377,0.7138797593136134,0.7138420169120506,1.25730562210083,380.2099490419035,0.75,10.069384574890137,0.0,93.06937881932608,True
1378,0.7139078800811669,0.7138497737165838,1.425128698348999,380.2099490419035,0.75,10.069384574890137,0.0,93.0724416997253,True
1379,0.7139349021584976,0.7138587434515893,1.592951774597168,380.2099490419035,0.75,10.069384574890137,0.0,93.07550458012453,True
1380,0.7139609488323273,0.7138684863787191,1.760774850845337,380.2099490419035,0.75,10.069384574890137,0.0,93.45356746052376,True
1381,0.7139195392439066,0.7138736554317915,1.8091183026631674,380.4461694626349,0.46,11.900607109069824,9.0,93.68813512913509,False
1382,0.7138814413729593,0.7138744247160626,1.7074617544809978,380.9186114271974,0.46,11.900607109069824,18.0,93.9329683079505,False
1383,0.7138463062064007,0.7138714984542901,1.4558052062988283,381.6272679658668,0.46,11.900607109069824,27.0,94.20566501446271,False
1384,0.7138138295835601,0.7138645841650731,1.1036502361297609,382.4941701237313,0.46,11.900607109069824,33.02990531921387,94.51125599088085,False
1385,0.7137837454587356,0.7138522707626838,0.7514952659606935,383.3610392962186,0.46,11.900607109069824,33.02990531921387,94.816846967299,False
1386,0.713699172365362,0.7138170613293597,0.5755010286966961,383.9916350435018,0.46,13.470251083374023,24.029905319213867,95.0792574930348,False
1387,0.7136202188093186,0.7137618349374697,0.4039492289225262,384.6151296394521,0.46,13.470251083374023,23.76335906982422,95.34074941821801,False
1388,0.7135462974532848,0.7136848558875758,0.23239742914835632,385.23847594322393,0.46,13.470251083374023,23.76335906982422,95.60224134340122,False
1389,0.713476892762137,0.7135826889187922,0.060845629374186416,385.8616254924318,0.46,13.470251083374023,23.76335906982422,95.86373326858443,False
1390,0.713411550497678,0.713411550497678,0.0,386.31040459654656,0.46,13.470251083374023,17.12098884582521,95.87832631426835,False
1391,0.713369569148729,0.713369569148729,0.0,386.6489219223342,0.46,12.917617797851562,12.917617797851562,95.88662855723857,False
1392,0.7133296172562674,0.7133296172562674,0.0,386.9873974641679,0.46,12.917617797851562,12.917617797851562,95.89493080020878,False
1393,0.7132915182460523,0.7132915182460523,0.0,387.32583316514575,0.46,12.917617797851562,12.917617797851562,95.903233043179,False
1394,0.7132551115060923,0.7132551115060923,0.0,387.66423079969377,0.46,12.917617797851562,12.917617797851562,95.91153528614922,False
1395,0.7132202505900431,0.7132202505900431,0.0,388.00259198848966,0.46,12.917617797851562,12.917617797851562,95.91983752911943,False
1396,0.7131938544967317,0.7131938544967317,0.0,388.33572080687077,0.46,12.71889877319336,12.71889877319336,95.9277624818386,False
1397,0.7131683010832179,0.7131683010832179,0.0,388.6688233261353,0.46,12.71889877319336,12.71889877319336,95.93568743455776,False
1398,0.7131435269197772,0.7131435269197772,0.0,389.0019003504386,0.46,12.71889877319336,12.71889877319336,95.94361238727693,False
1399,0.7131194716408571,0.7131194716408571,0.0,389.33495262162046,0.46,12.71889877319336,12.71889877319336,95.9515373399961,False
1400,0.7130960783027989,0.7130960783027989,0.0,389.66798082275164,0.46,12.71889877319336,12.71889877319336,95.95946229271526,False
1401,0.7130416332419488,0.7130416332419488,0.0,390.02434197500395,0.46,13.612312316894531,13.612312316894531,95.96917731635689,False
1402,0.7129897754287106,0.7129897754287106,0.0,390.3806460390385,0.46,13.612312316894531,13.612312316894531,95.97889233999852,False
1403,0.7129402349648944,0.7129402349648944,0.0,390.7368955752611,0.46,13.612312316894531,13.612312316894531,95.98860736364016,False
1404,0.7128927737730375,0.7128927737730375,0.0,391.09309288081505,0.46,13.612312316894531,13.612312316894531,95.99832238728179,False
1405,0.712847180997927,0.712847180997927,0.0,391.4492400197522,0.46,13.612312316894531,13.612312316894531,96.00803741092342,False
1406,0.7128658594815848,0.7128658594815848,0.0,391.75894937318327,0.46,11.836729049682617,11.836729049682617,96.01442509261696,False
1407,0.7128821489304844,0.7128821489304844,0.0,392.06867431247815,0.46,11.836729049682617,11.836729049682617,96.0208127743105,False
1408,0.7128963233042835,0.7128963233042835,0.0,392.37841281461436,0.46,11.836729049682617,11.836729049682617,96.02720045600404,False
1409,0.7129086188616616,0.7129086188616616,0.0,392.68816308235955,0.46,11.836729049682617,11.836729049682617,96.03358813769758,False
1410,0.7129192401050224,0.7129192401050224,0.0,392.9979235139568,0.46,11.836729049682617,11.836729049682617,96.03997581939112,False
1411,0.7129283647214645,0.7129283647214645,0.0,393.3076926775204,0.46,11.836729049682617,11.836729049682617,96.04636350108466,False
1412,0.712936147694103,0.712936147694103,0.0,393.6174692893525,0.46,11.836729049682617,11.836729049682617,96.0527511827782,False
1413,0.7129427247273881,0.7129427247273881,0.0,393.92725219552733,0.46,11.836729049682617,11.836729049682617,96.05913886447173,False
1414,0.7129482151049623,0.7129482151049623,0.0,394.2370403562021,0.46,11.836729049682617,11.836729049682617,96.06552654616527,False
1415,0.7129527241806162,0.7129527241806162,0.0,394.5468328323064,0.46,11.836729049682617,11.836729049682617,96.07191422785881,False
1416,0.7129311851449951,0.7129311851449951,0.0,394.8751077567265,0.46,12.54375171661377,12.54375171661377,96.07951627389052,False
1417,0.712910401228382,0.712910401228382,0.0,395.20336160378895,0.46,12.54375171661377,12.54375171661377,96.08711831992223,False
1418,0.7128902781012582,0.7128902781012582,0.0,395.5315950450207,0.46,12.54375171661377,12.54375171661377,96.09472036595393,False
1419,0.712870734999109,0.712870734999109,0.0,395.8598086699211,0.46,12.54375171661377,12.54375171661377,96.10232241198564,False
1420,0.7128517025269704,0.7128517025269704,0.0,396.1880029975146,0.46,12.54375171661377,12.54375171661377,96.10992445801735,False
1421,0.7128922366809275,0.7128922366809275,0.0,396.47271108836077,0.46,10.88032341003418,10.88032341003418,96.11488550752699,False
1422,0.7129295884865048,0.7129295884865048,0.0,396.7574520341148,0.46,10.88032341003418,10.88032341003418,96.11984655703664,False
1423,0.7129640949114017,0.7129640949114017,0.0,397.04222333563905,0.46,10.88032341003418,10.88032341003418,96.12480760654628,False
1424,0.7129960514121829,0.7129960514121829,0.0,397.32702275288244,0.46,10.88032341003418,10.88032341003418,96.12976865605593,False
1425,0.7130257180853112,0.7130257180853112,0.0,397.61184827394004,0.46,10.88032341003418,10.88032341003418,96.13472970556558,False
1426,0.7130426542505387,0.7130426542505387,0.0,397.9044892469343,0.46,11.178288459777832,11.178288459777832,96.14010960409959,False
1427,0.7130583714359864,0.7130583714359864,0.0,398.1971444301706,0.46,11.178288459777832,11.178288459777832,96.14548950263361,False
1428,0.7130729839011197,0.7130729839011197,0.0,398.4898128255238,0.46,11.178288459777832,11.178288459777832,96.15086940116763,False
1429,0.7130865948609986,0.7130865948609986,0.0,398.7824935280513,0.46,11.178288459777832,11.178288459777832,96.15624929970164,False
1430,0.7130992977230793,0.7130992977230793,0.0,399.0751857171514,0.46,11.178288459777832,11.178288459777832,96.16162919823566,False
1431,0.7131391409462748,0.7131391409462748,0.0,399.34752490518605,0.46,10.399701118469238,10.399701118469238,96.1659614204156,False
1432,0.7131765769831667,0.7131765769831667,0.0,399.61989559386393,0.46,10.399701118469238,10.399701118469238,96.17029364259554,False
1433,0.7132118504018028,0.7132118504018028,0.0,399.8922959670864,0.46,10.399701118469238,10.399701118469238,96.17462586477548,False
1434,0.7132451780643404,0.7132451780643404,0.0,400.1647243906384,0.46,10.399701118469238,10.399701118469238,96.17895808695542,False
1435,0.7132767530497712,0.7132767530497711,0.17332835197448732,400.1647243906384,0.46,10.399701118469238,0.0,96.18102765827535,True
1436,0.7132037194261017,0.7132358347299735,0.3941943645477295,400.1647243906384,0.46,13.251960754394531,0.0,96.18530977248345,True
1437,0.713135707051984,0.7131998831272193,0.6150603771209717,400.1647243906384,0.46,13.251960754394531,0.0,96.18959188669155,True
1438,0.7130721547348102,0.7131661404581244,0.835926389694214,400.1647243906384,0.46,13.251960754394531,0.0,96.19387400089964,True
1439,0.7130125757388434,0.7131340525316872,1.0567924022674562,400.1647243906384,0.46,13.251960754394531,0.0,96.19815611510774,True
1440,0.7129565463799048,0.713103375031501,1.2776584148406984,400.1647243906384,0.46,13.251960754394531,0.0,96.20243822931583,True
